Gemeinde_ID,Gemeinde_Name,Differenz
1,Aeugst am Albis,0.6899999999999977
2,Affoltern am Albis,-7.040000000000003
3,Bonstetten,-6.789999999999996
4,Hausen am Albis,-6.439999999999998
5,Hedingen,-8.149999999999999
6,Kappel am Albis,-11.130000000000003
7,Knonau,-7.289999999999999
8,Maschwanden,-5.839999999999996
9,Mettmenstetten,-2.639999999999997
10,Obfelden,-1.230000000000004
11,Ottenbach,-1.1499999999999986
12,Rifferswil,-8.619999999999997
13,Stallikon,-2.6200000000000045
14,Wettswil am Albis,-7.620000000000001
21,Adlikon,-12.749999999999993
22,Benken (ZH),-5.130000000000003
23,Berg am Irchel,-6.280000000000001
24,Buch am Irchel,-6.1299999999999955
25,Dachsen,-3.009999999999998
26,Dorf,-10.5
27,Feuerthalen,-3.830000000000002
28,Flaach,-13.040000000000006
29,Flurlingen,1.8399999999999999
30,Andelfingen,-11.700000000000003
31,Henggart,-8.330000000000005
32,Humlikon,-6.369999999999997
33,Kleinandelfingen,-4.080000000000005
34,Laufen-Uhwiesen,-5.630000000000003
35,Marthalen,-6.230000000000004
37,Ossingen,-11.25
38,Rheinau,-1.6799999999999997
39,Thalheim an der Thur,-7.480000000000004
40,Trüllikon,-4.219999999999999
41,Truttikon,-15.68
43,Volken,-11.46
51,Bachenbülach,-5.289999999999999
52,Bassersdorf,1.8800000000000026
53,Bülach,-7.310000000000002
54,Dietlikon,-2.0799999999999983
55,Eglisau,-11.27
56,Embrach,-0.9500000000000028
57,Freienstein-Teufen,-6.940000000000005
58,Glattfelden,-4.299999999999997
59,Hochfelden,-0.5499999999999972
60,Höri,-3.980000000000004
61,Hüntwangen,-6.439999999999998
62,Kloten,-0.46999999999999886
63,Lufingen,-8.340000000000003
64,Nürensdorf,0.0
65,Oberembrach,-2.239999999999995
66,Opfikon,-4.579999999999998
67,Rafz,-10.96
68,Rorbas,-2.9299999999999997
69,Wallisellen,-2.9200000000000017
70,Wasterkingen,3.6699999999999946
71,Wil (ZH),-6.07
72,Winkel,-2.289999999999999
81,Bachs,-7.969999999999999
82,Boppelsen,-5.68
83,Buchs (ZH),-1.6600000000000037
84,Dällikon,1.519999999999996
85,Dänikon,-4.019999999999996
86,Dielsdorf,-2.4299999999999997
87,Hüttikon,-10.909999999999997
88,Neerach,0.1700000000000017
89,Niederglatt,3.1499999999999986
90,Niederhasli,2.8999999999999986
91,Niederweningen,-7.229999999999997
92,Oberglatt,-1.3399999999999963
93,Oberweningen,-1.8999999999999986
94,Otelfingen,-8.119999999999997
95,Regensberg,5.060000000000002
96,Regensdorf,2.6799999999999997
97,Rümlang,-1.9500000000000028
98,Schleinikon,-3.3599999999999994
99,Schöfflisdorf,-4.32
100,Stadel,-1.7000000000000028
101,Steinmaur,0.20999999999999375
102,Weiach,3.5899999999999963
111,Bäretswil,-1.0499999999999972
112,Bubikon,-6.73
113,Dürnten,-1.1199999999999974
114,Fischenthal,9.709999999999994
115,Gossau (ZH),-1.8699999999999974
116,Grüningen,-6.859999999999999
117,Hinwil,0.740000000000002
118,Rüti (ZH),-1.129999999999999
119,Seegräben,3.019999999999996
120,Wald (ZH),-2.6100000000000065
121,Wetzikon (ZH),-4.220000000000002
131,Adliswil,-2.7300000000000004
135,Kilchberg (ZH),-6.940000000000001
136,Langnau am Albis,-3.669999999999998
137,Oberrieden,-6.800000000000001
138,Richterswil,-3.5100000000000016
139,Rüschlikon,-5.279999999999998
141,Thalwil,-2.91
151,Erlenbach (ZH),-5.68
152,Herrliberg,-5.3700000000000045
153,Hombrechtikon,-4.560000000000002
154,Küsnacht (ZH),-5.09
155,Männedorf,-8.25
156,Meilen,-5.43
157,Oetwil am See,-0.17999999999999972
158,Stäfa,-6.039999999999999
159,Uetikon am See,-5.439999999999998
160,Zumikon,-0.629999999999999
161,Zollikon,-5.620000000000001
172,Fehraltorf,-1.980000000000004
173,Hittnau,-7.3600000000000065
176,Lindau,3.1899999999999977
177,Pfäffikon,-9.02
178,Russikon,-0.3299999999999983
180,Weisslingen,-2.4200000000000017
181,Wila,-0.6400000000000006
182,Wildberg,-5.82
191,Dübendorf,-1.1600000000000037
192,Egg,-2.3399999999999963
193,Fällanden,0.7199999999999989
194,Greifensee,-1.120000000000001
195,Maur,-0.9100000000000001
196,Mönchaltorf,-3.1099999999999994
197,Schwerzenbach,-3.740000000000002
198,Uster,-6.860000000000003
199,Volketswil,1.3599999999999994
200,Wangen-Brüttisellen,-6.960000000000001
211,Altikon,-5.259999999999998
213,Brütten,-3.3699999999999974
214,Dägerlen,-13.509999999999998
215,Dättlikon,-2.9299999999999997
216,Dinhard,0.12999999999999545
218,Ellikon an der Thur,-11.910000000000004
219,Elsau,-4.540000000000003
220,Hagenbuch,8.510000000000005
221,Hettlingen,-10.110000000000003
223,Neftenbach,-8.740000000000002
224,Pfungen,-5.130000000000003
225,Rickenbach (ZH),-7.420000000000002
226,Schlatt (ZH),-6.5
227,Seuzach,-0.5
228,Turbenthal,-2.1499999999999986
230,Winterthur,-8.07
231,Zell (ZH),-3.6799999999999997
241,Aesch (ZH),-6.57
242,Birmensdorf (ZH),-7.340000000000003
243,Dietikon,-4.690000000000005
244,Geroldswil,2.039999999999999
245,Oberengstringen,0.30000000000000426
246,Oetwil an der Limmat,-3.6000000000000014
247,Schlieren,-10.41
248,Uitikon,-6.029999999999998
249,Unterengstringen,-7.669999999999995
250,Urdorf,-0.13000000000000256
251,Weiningen (ZH),-0.35999999999999943
261,Zürich,-9.65
292,Stammheim,-13.64
293,Wädenswil,-5.390000000000001
294,Elgg,-5.640000000000001
295,Horgen,-3.8099999999999987
296,Illnau-Effretikon,-2.5900000000000034
297,Bauma,-4.420000000000002
298,Wiesendangen,-3.3399999999999963
301,Aarberg,5.120000000000001
302,Bargen (BE),0.8800000000000026
303,Grossaffoltern,-0.10999999999999943
304,Kallnach,-7.329999999999998
305,Kappelen,-9.800000000000004
306,Lyss,3.460000000000001
307,Meikirch,-2.91
309,Radelfingen,0.9599999999999937
310,Rapperswil (BE),-1.4699999999999989
311,Schüpfen,-5.539999999999999
312,Seedorf (BE),1.3800000000000026
321,Aarwangen,2.990000000000002
322,Auswil,-12.839999999999996
323,Bannwil,15.100000000000001
324,Bleienbach,10.970000000000006
325,Busswil bei Melchnau,-5.090000000000003
326,Gondiswil,-2.9299999999999997
329,Langenthal,2.4599999999999973
331,Lotzwil,0.9600000000000009
332,Madiswil,-1.8200000000000003
333,Melchnau,-2.5700000000000003
334,Obersteckholz,-12.700000000000003
335,Oeschenbach,-14.339999999999996
336,Reisiswil,7.169999999999995
337,Roggwil (BE),5.629999999999999
338,Rohrbach,4.18
339,Rohrbachgraben,-2.5500000000000043
340,Rütschelen,-1.759999999999998
341,Schwarzhäusern,3.8100000000000023
342,Thunstetten,7.73
344,Ursenbach,-7.229999999999997
345,Wynau,9.849999999999998
351,Bern,-4.07
352,Bolligen,2.289999999999999
353,Bremgarten bei Bern,0.36999999999999744
354,Kirchlindach,-1.5799999999999983
355,Köniz,-1.7699999999999996
356,Muri bei Bern,-0.0799999999999983
357,Oberbalm,7.539999999999999
358,Stettlen,-1.4299999999999997
359,Vechigen,2.509999999999998
360,Wohlen bei Bern,0.46000000000000085
361,Zollikofen,1.9299999999999997
362,Ittigen,4.630000000000003
363,Ostermundigen,3.5299999999999976
371,Biel/Bienne,4.359999999999999
372,Evilard,-0.5
381,Arch,11.32
382,Büetigen,6.189999999999998
383,Büren an der Aare,2.379999999999999
385,Diessbach bei Büren,-2.3699999999999974
386,Dotzigen,-0.14000000000000057
387,Lengnau (BE),15.969999999999999
388,Leuzigen,-8.060000000000002
390,Meinisberg,10.95
391,Oberwil bei Büren,-5.25
392,Pieterlen,12.009999999999998
393,Rüti bei Büren,-12.119999999999997
394,Wengi,3.3799999999999955
401,Aefligen,5.800000000000004
402,Alchenstorf,-0.5300000000000011
403,Bäriswil,4.41
404,Burgdorf,1.240000000000002
405,Ersigen,-1.3699999999999974
406,Hasle bei Burgdorf,-3.190000000000005
407,Heimiswil,-9.75
409,Hindelbank,-1.1000000000000014
410,Höchstetten,-14.589999999999996
411,Kernenried,-2.3800000000000026
412,Kirchberg (BE),0.6500000000000021
413,Koppigen,5.269999999999996
414,Krauchthal,-4.149999999999999
415,Lyssach,3.719999999999999
416,Mötschwil,-4.380000000000003
418,Oberburg,6.260000000000005
420,Rüdtligen-Alchenflüh,8.32
421,Rumendingen,-12.46
423,Willadingen,12.07
424,Wynigen,-5.43
431,Corgémont,3.950000000000003
432,Cormoret,-8.46
433,Cortébert,12.14
434,Courtelary,5.029999999999998
435,La Ferrière,-6.109999999999999
437,Mont-Tramelan,-4.420000000000002
438,Orvin,15.36
441,Renan (BE),-14.760000000000002
442,Romont (BE),11.600000000000001
443,Saint-Imier,6.370000000000001
444,Sonceboz-Sombeval,-1.5300000000000011
445,Sonvilier,-10.89
446,Tramelan,7.780000000000001
448,Villeret,9.329999999999998
449,Sauge,8.8
450,Péry-La Heutte,8.919999999999998
491,Brüttelen,-9.5
492,Erlach,0.10000000000000142
493,Finsterhennen,-10.86
494,Gals,-10.309999999999999
495,Gampelen,0.6099999999999994
496,Ins,-4.310000000000002
497,Lüscherz,16.0
498,Müntschemier,-5.43
499,Siselen,-5.080000000000005
500,Treiten,-18.950000000000003
501,Tschugg,-7.170000000000002
502,Vinelz,-2.9300000000000033
533,Bätterkinden,-4.190000000000001
536,Diemerswil,-7.519999999999996
538,Fraubrunnen,-6.390000000000001
540,Jegenstorf,-4.869999999999997
541,Iffwil,-0.060000000000002274
543,Mattstetten,7.830000000000005
544,Moosseedorf,1.0399999999999991
546,Münchenbuchsee,1.1899999999999977
551,Urtenen-Schönbühl,2.990000000000002
552,Utzenstorf,0.6899999999999977
553,Wiggiswil,-21.96
554,Wiler bei Utzenstorf,-7.900000000000006
556,Zielebach,14.43
557,Zuzwil (BE),-16.17
561,Adelboden,9.189999999999998
562,Aeschi bei Spiez,0.23000000000000398
563,Frutigen,4.82
564,Kandergrund,0.1700000000000017
565,Kandersteg,-4.43
566,Krattigen,-3.1700000000000017
567,Reichenbach im Kandertal,6.420000000000002
571,Beatenberg,-0.46999999999999886
572,Bönigen,4.730000000000004
573,Brienz (BE),-4.109999999999999
574,Brienzwiler,-8.049999999999997
575,Därligen,4.690000000000001
576,Grindelwald,6.060000000000002
577,Gsteigwiler,2.620000000000001
578,Gündlischwand,9.670000000000002
579,Habkern,-0.8499999999999943
580,Hofstetten bei Brienz,1.4799999999999969
581,Interlaken,-1.259999999999998
582,Iseltwald,2.2900000000000063
584,Lauterbrunnen,-4.18
585,Leissigen,1.0700000000000003
586,Lütschental,22.860000000000007
587,Matten bei Interlaken,-0.14999999999999858
588,Niederried bei Interlaken,-11.29
589,Oberried am Brienzersee,-6.690000000000001
590,Ringgenberg (BE),-2.8499999999999943
591,Saxeten,24.019999999999996
592,Schwanden bei Brienz,-3.1300000000000026
593,Unterseen,-1.0699999999999967
594,Wilderswil,5.090000000000003
602,Arni (BE),7.919999999999995
603,Biglen,1.4400000000000048
605,Bowil,-6.730000000000004
606,Brenzikofen,12.920000000000002
607,Freimettigen,0.6200000000000045
608,Grosshöchstetten,-0.14999999999999858
609,Häutligen,6.849999999999994
610,Herbligen,2.75
611,Kiesen,1.1400000000000006
612,Konolfingen,-1.7100000000000009
613,Landiswil,-1.2199999999999989
614,Linden,10.64
615,Mirchel,-7.409999999999997
616,Münsingen,0.7399999999999984
617,Niederhünigen,4.039999999999999
619,Oberdiessbach,8.530000000000001
620,Oberthal,-8.129999999999995
622,Oppligen,-7.75
623,Rubigen,-1.3000000000000007
626,Walkringen,12.259999999999998
627,Worb,0.8399999999999999
628,Zäziwil,-6.950000000000003
629,Oberhünigen,1.6800000000000068
630,Allmendingen,-4.469999999999999
632,Wichtrach,3.349999999999998
662,Ferenbalm,5.920000000000002
663,Frauenkappelen,-6.550000000000001
665,Gurbrü,-3.0900000000000034
666,Kriechenwil,-7.289999999999999
667,Laupen,1.8499999999999979
668,Mühleberg,-6.43
669,Münchenwiler,8.780000000000001
670,Neuenegg,2.210000000000001
671,Wileroltigen,-6.450000000000003
681,Belprahon,2.780000000000001
683,Champoz,13.199999999999996
687,Corcelles (BE),12.280000000000001
690,Court,14.469999999999999
691,Crémines,7.41
692,Eschert,16.18
694,Grandval,12.270000000000003
696,Loveresse,13.469999999999999
700,Moutier,3.780000000000001
701,Perrefitte,7.079999999999998
703,Reconvilier,13.27
704,Roches (BE),29.92
706,Saicourt,8.449999999999996
707,Saules (BE),18.370000000000005
708,Schelten,-33.849999999999994
709,Seehof,24.79
711,Sorvilier,4.200000000000003
713,Tavannes,0.4200000000000017
715,Rebévelier,1.9100000000000037
716,Petit-Val,-5.359999999999999
717,Valbirse,11.339999999999996
723,La Neuveville,-7.199999999999999
724,Nods,-14.950000000000003
726,Plateau de Diesse,1.4600000000000009
731,Aegerten,10.839999999999996
732,Bellmund,6.350000000000001
733,Brügg,6.32
734,Bühl,4.940000000000005
735,Epsach,8.530000000000001
736,Hagneck,16.939999999999998
737,Hermrigen,8.519999999999996
738,Jens,-0.5799999999999983
739,Ipsach,7.549999999999997
740,Ligerz,-7.919999999999998
741,Merzligen,-1.0499999999999972
742,Mörigen,6.290000000000003
743,Nidau,6.390000000000001
744,Orpund,14.149999999999999
745,Port,12.459999999999997
746,Safnern,9.919999999999998
747,Scheuren,15.290000000000003
748,Schwadernau,16.150000000000002
749,Studen (BE),14.299999999999997
750,Sutz-Lattrigen,3.75
751,Täuffelen,2.990000000000002
754,Walperswil,-2.1599999999999966
755,Worben,8.280000000000001
756,Twann-Tüscherz,1.9200000000000017
761,Därstetten,8.180000000000007
762,Diemtigen,1.5
763,Erlenbach im Simmental,-7.990000000000002
766,Oberwil im Simmental,4.189999999999998
767,Reutigen,-0.5900000000000034
768,Spiez,1.25
769,Wimmis,6.189999999999998
770,Stocken-Höfen,4.109999999999999
782,Guttannen,1.0599999999999952
783,Hasliberg,0.07000000000000028
784,Innertkirchen,-8.470000000000006
785,Meiringen,1.5600000000000023
786,Schattenhalb,-6.960000000000001
791,Boltigen,21.889999999999993
792,Lenk,12.14
793,St. Stephan,29.099999999999994
794,Zweisimmen,18.489999999999995
841,Gsteig,0.5200000000000031
842,Lauenen,12.509999999999998
843,Saanen,10.490000000000002
852,Guggisberg,0.2600000000000051
853,Rüschegg,11.969999999999999
855,Schwarzenburg,1.75
861,Belp,-2.8699999999999974
863,Burgistein,10.0
866,Gerzensee,-1.5399999999999991
867,Gurzelen,9.200000000000003
868,Jaberg,26.64
869,Kaufdorf,-2.4299999999999997
870,Kehrsatz,-0.4400000000000013
872,Kirchdorf (BE),0.38000000000000256
873,Kirchenthurnen,16.509999999999998
874,Lohnstorf,-4.5
876,Mühlethurnen,4.640000000000001
879,Riggisberg,5.260000000000005
880,Rüeggisberg,-2.049999999999997
881,Rümligen,1.8900000000000006
883,Seftigen,8.0
884,Toffen,0.8000000000000043
885,Uttigen,7.700000000000003
886,Wattenwil,1.8299999999999983
888,Wald (BE),-13.709999999999994
901,Eggiwil,-4.509999999999991
902,Langnau im Emmental,-2.270000000000003
903,Lauperswil,-0.0899999999999963
904,Röthenbach im Emmental,-4.0
905,Rüderswil,2.240000000000002
906,Schangnau,-6.730000000000004
907,Signau,1.3300000000000054
908,Trub,-11.800000000000004
909,Trubschachen,-14.990000000000002
921,Amsoldingen,1.1299999999999955
922,Blumenstein,6.07
923,Buchholterberg,10.329999999999998
924,Eriz,-7.289999999999992
925,Fahrni,3.0
927,Heiligenschwendi,3.4499999999999957
928,Heimberg,14.450000000000003
929,Hilterfingen,0.41999999999999815
931,Homberg,-4.5
932,Horrenbach-Buchen,15.420000000000002
934,Oberhofen am Thunersee,4.57
935,Oberlangenegg,2.489999999999995
936,Pohlern,-2.0
937,Schwendibach,9.689999999999998
938,Sigriswil,7.680000000000007
939,Steffisburg,7.780000000000001
940,Teuffenthal (BE),-0.5799999999999912
941,Thierachern,7.219999999999999
942,Thun,4.439999999999998
943,Uebeschi,-3.8100000000000023
944,Uetendorf,15.48
945,Unterlangenegg,9.739999999999995
946,Wachseldorn,-1.519999999999996
947,Zwieselberg,-17.260000000000005
948,Forst-Längenbühl,3.9399999999999977
951,Affoltern im Emmental,0.07000000000000028
952,Dürrenroth,4.399999999999999
953,Eriswil,-0.03999999999999915
954,Huttwil,-0.39000000000000057
955,Lützelflüh,1.3999999999999986
956,Rüegsau,-3.219999999999999
957,Sumiswald,-0.9699999999999989
958,Trachselwald,3.0600000000000023
959,Walterswil (BE),0.4299999999999997
960,Wyssachen,-4.329999999999998
971,Attiswil,3.049999999999997
972,Berken,-6.180000000000007
973,Bettenhausen,-3.279999999999994
975,Farnern,18.610000000000007
976,Graben,4.369999999999997
977,Heimenhausen,-0.9399999999999977
979,Herzogenbuchsee,-0.9100000000000001
980,Inkwil,15.559999999999999
981,Niederbipp,7.210000000000001
982,Niederönz,2.530000000000001
983,Oberbipp,2.3300000000000054
985,Ochlenberg,-15.259999999999998
987,Rumisberg,25.29
988,Seeberg,-10.46
989,Thörigen,0.17999999999999972
990,Walliswil bei Niederbipp,-2.5799999999999983
991,Walliswil bei Wangen,15.68
992,Wangen an der Aare,4.25
993,Wangenried,-8.569999999999993
995,Wiedlisbach,6.159999999999997
996,Wolfisberg,-1.3900000000000006
1001,Doppleschwand,20.43
1002,Entlebuch,16.43
1004,Flühli,22.59
1005,Hasle (LU),22.09
1007,Romoos,20.38
1008,Schüpfheim,17.230000000000004
1009,Werthenstein,16.26
1010,Escholzmatt-Marbach,17.209999999999997
1021,Aesch (LU),10.79
1022,Altwis,7.739999999999998
1023,Ballwil,0.8499999999999979
1024,Emmen,-0.8999999999999986
1025,Ermensee,6.890000000000001
1026,Eschenbach (LU),1.3599999999999994
1030,Hitzkirch,7.32
1031,Hochdorf,0.7899999999999991
1032,Hohenrain,6.140000000000001
1033,Inwil,0.1999999999999993
1037,Rain,6.169999999999998
1039,Römerswil,2.479999999999997
1040,Rothenburg,1.2100000000000009
1041,Schongau,14.639999999999997
1051,Adligenswil,2.2300000000000004
1052,Buchrain,-0.26000000000000156
1053,Dierikon,2.9200000000000017
1054,Ebikon,-0.5
1055,Gisikon,-1.019999999999996
1056,Greppen,-4.349999999999998
1057,Honau,1.25
1058,Horw,-0.6600000000000001
1059,Kriens,-2.84
1061,Luzern,-7.370000000000001
1062,Malters,5.18
1063,Meggen,-0.8500000000000014
1064,Meierskappel,-5.57
1065,Root,-1.0
1066,Schwarzenberg,13.879999999999995
1067,Udligenswil,0.5800000000000018
1068,Vitznau,4.479999999999997
1069,Weggis,-1.5100000000000016
1081,Beromünster,1.3200000000000003
1082,Büron,1.6900000000000013
1083,Buttisholz,2.830000000000002
1084,Eich,10.799999999999997
1085,Geuensee,6.359999999999999
1086,Grosswangen,6.32
1088,Hildisrieden,1.2199999999999989
1089,Knutwil,5.189999999999998
1091,Mauensee,-0.5600000000000023
1093,Neuenkirch,3.049999999999997
1094,Nottwil,11.899999999999999
1095,Oberkirch,4.41
1097,Rickenbach (LU),9.469999999999999
1098,Ruswil,6.599999999999998
1099,Schenkon,5.419999999999998
1100,Schlierbach,4.129999999999999
1102,Sempach,0.4399999999999977
1103,Sursee,1.9699999999999989
1104,Triengen,5.689999999999998
1107,Wolhusen,14.370000000000001
1121,Alberswil,5.16
1122,Altbüron,12.290000000000001
1123,Altishofen,3.9299999999999997
1125,Dagmersellen,8.719999999999999
1126,Ebersecken,18.400000000000002
1127,Egolzwil,5.570000000000002
1128,Ettiswil,8.370000000000001
1129,Fischbach,17.080000000000002
1130,Gettnau,9.04
1131,Grossdietwil,9.66
1132,Hergiswil bei Willisau,10.980000000000004
1135,Luthern,17.8
1136,Menznau,8.310000000000002
1137,Nebikon,4.859999999999999
1139,Pfaffnau,6.720000000000002
1140,Reiden,6.690000000000001
1142,Roggliswil,13.330000000000002
1143,Schötz,7.239999999999998
1145,Ufhusen,9.649999999999999
1146,Wauwil,1.6600000000000001
1147,Wikon,1.5399999999999991
1150,Zell (LU),12.689999999999998
1151,Willisau,6.290000000000003
1201,Altdorf (UR),28.87
1202,Andermatt,40.62
1203,Attinghausen,38.31
1204,Bauen,31.51
1205,Bürglen (UR),39.4
1206,Erstfeld,31.99
1207,Flüelen,42.13
1208,Göschenen,43.26
1209,Gurtnellen,42.94
1210,Hospental,47.17
1211,Isenthal,28.85
1212,Realp,47.46
1213,Schattdorf,40.6
1214,Seedorf (UR),35.05
1215,Seelisberg,39.53
1216,Silenen,37.73
1217,Sisikon,50.56
1218,Spiringen,45.82
1219,Unterschächen,59.77
1220,Wassen,49.12
1301,Einsiedeln,-6.580000000000005
1311,Gersau,0.6499999999999986
1321,Feusisberg,3.8999999999999986
1322,Freienbach,-0.8000000000000043
1323,Wollerau,0.5600000000000023
1331,Küssnacht (SZ),1.3900000000000006
1341,Altendorf,0.5600000000000023
1342,Galgenen,7.259999999999998
1343,Innerthal,-7.5
1344,Lachen,-1.9300000000000033
1345,Reichenburg,3.229999999999997
1346,Schübelbach,9.969999999999999
1347,Tuggen,6.020000000000003
1348,Vorderthal,9.760000000000005
1349,Wangen (SZ),2.4499999999999957
1361,Alpthal,9.770000000000003
1362,Arth,4.300000000000001
1363,Illgau,-12.339999999999996
1364,Ingenbohl,4.09
1365,Lauerz,7.060000000000002
1366,Morschach,14.27
1367,Muotathal,-8.779999999999994
1368,Oberiberg,7.539999999999999
1369,Riemenstalden,17.5
1370,Rothenthurm,4.109999999999999
1371,Sattel,-1.1900000000000048
1372,Schwyz,-2.109999999999996
1373,Steinen,2.789999999999999
1374,Steinerberg,13.909999999999997
1375,Unteriberg,-0.539999999999992
1401,Alpnach,35.89
1402,Engelberg,57.55
1403,Giswil,41.82
1404,Kerns,40.83
1405,Lungern,30.76
1406,Sachseln,32.02
1407,Sarnen,30.34
1501,Beckenried,66.48
1502,Buochs,63.5
1503,Dallenwil,70.89
1504,Emmetten,67.88
1505,Ennetbürgen,58.31
1506,Ennetmoos,68.22
1507,Hergiswil (NW),73.18
1508,Oberdorf (NW),70.17
1509,Stans,54.8
1510,Stansstad,62.28
1511,Wolfenschiessen,70.65
1701,Baar,4.689999999999998
1702,Cham,5.040000000000003
1703,Hünenberg,2.370000000000001
1704,Menzingen,8.460000000000004
1705,Neuheim,5.149999999999999
1706,Oberägeri,3.789999999999999
1707,Risch,0.7300000000000004
1708,Steinhausen,6.130000000000003
1709,Unterägeri,11.579999999999998
1710,Walchwil,10.659999999999997
1711,Zug,3.75
2008,Châtillon (FR),10.689999999999998
2009,Cheiry,17.42
2011,Cugy (FR),11.92
2016,Fétigny,26.389999999999997
2022,Gletterens,13.61
2025,Lully (FR),18.02
2027,Ménières,19.750000000000004
2029,Montagny (FR),11.95
2035,Nuvilly,21.35
2038,Prévondavaux,-22.120000000000005
2041,Saint-Aubin (FR),10.719999999999999
2043,Sévaz,13.3
2044,Surpierre,21.08
2045,Vallon,19.28
2050,Les Montets,15.830000000000002
2051,Delley-Portalban,17.07
2053,Belmont-Broye,12.290000000000001
2054,Estavayer,12.66
2055,Cheyres-Châbles,11.999999999999998
2061,Auboranges,12.41
2063,Billens-Hennens,7.52
2066,Chapelle (Glâne),15.489999999999998
2067,Le Châtelard,24.22
2068,Châtonnaye,15.469999999999999
2072,Ecublens (FR),15.629999999999999
2079,Grangettes,27.990000000000002
2086,Massonnens,10.379999999999999
2087,Mézières (FR),13.84
2089,Montet (Glâne),19.589999999999996
2096,Romont (FR),7.370000000000001
2097,Rue,16.22
2099,Siviriez,16.13
2102,Ursy,16.589999999999996
2111,Villaz-Saint-Pierre,5.57
2113,Vuisternens-devant-Romont,18.71
2114,Villorsonnens,12.969999999999999
2115,Torny,17.81
2116,La Folliaz,2.6300000000000026
2121,Haut-Intyamon,20.16
2122,Pont-en-Ogoz,8.78
2123,Botterens,18.65
2124,Broc,10.74
2125,Bulle,11.0
2128,Châtel-sur-Montsalvens,12.219999999999999
2129,Corbières,13.99
2130,Crésuz,8.819999999999999
2131,Echarlens,11.52
2134,Grandvillard,13.860000000000001
2135,Gruyères,9.120000000000001
2137,Hauteville,7.359999999999999
2138,Jaun,30.049999999999997
2140,Marsens,8.46
2143,Morlon,11.28
2145,Le Pâquier (FR),7.95
2147,Pont-la-Ville,14.82
2148,Riaz,8.79
2149,La Roche,14.23
2152,Sâles,11.440000000000001
2153,Sorens,12.690000000000001
2155,Vaulruz,10.830000000000002
2160,Vuadens,15.330000000000002
2162,Bas-Intyamon,14.749999999999998
2163,Val-de-Charmey,12.31
2171,Arconciel,2.9299999999999997
2173,Autigny,14.100000000000001
2174,Avry,8.89
2175,Belfaux,10.899999999999999
2177,Chénens,12.370000000000001
2183,Corminboeuf,6.12
2185,Corserey,8.900000000000002
2186,Cottens (FR),9.669999999999998
2189,Ependes (FR),10.909999999999998
2194,Ferpicloz,7.57
2196,Fribourg,2.79
2197,Givisiez,8.95
2198,Granges-Paccot,6.27
2200,Grolley,12.2
2206,Marly,6.290000000000001
2208,Matran,4.080000000000001
2211,Neyruz (FR),4.299999999999999
2213,Noréaz,6.38
2216,Pierrafortscha,2.710000000000001
2217,Ponthaux,12.000000000000002
2220,Le Mouret,9.38
2221,Prez-vers-Noréaz,14.719999999999999
2225,Senèdes,25.880000000000003
2226,Treyvaux,-1.6999999999999993
2228,Villars-sur-Glâne,2.91
2230,Villarsel-sur-Marly,20.17
2233,Hauterive (FR),7.549999999999999
2234,La Brillaz,6.59
2235,La Sonnaz,13.39
2236,Gibloux,10.0
2250,Courgevaux,1.629999999999999
2254,Courtepin,6.77
2257,Cressier (FR),11.520000000000001
2258,Fräschels,-13.780000000000001
2259,Galmiz,2.039999999999999
2260,Gempenach,-1.5500000000000043
2261,Greng,-16.61
2262,Gurmels,10.579999999999998
2265,Kerzers,-5.059999999999999
2266,Kleinbösingen,-0.740000000000002
2271,Meyriez,8.809999999999999
2272,Misery-Courtion,11.2
2274,Muntelier,0.5199999999999996
2275,Murten,2.280000000000001
2276,Ried bei Kerzers,-5.359999999999999
2278,Ulmiz,6.079999999999998
2284,Mont-Vully,1.5799999999999983
2291,Alterswil,15.02
2292,Brünisried,16.6
2293,Düdingen,8.909999999999998
2294,Giffers,21.29
2295,Bösingen,7.839999999999998
2296,Heitenried,16.669999999999998
2299,Plaffeien,14.91
2300,Plasselb,23.29
2301,Rechthalten,15.700000000000001
2302,St. Antoni,18.82
2303,St. Silvester,23.830000000000002
2304,St. Ursen,16.89
2305,Schmitten (FR),11.34
2306,Tafers,13.250000000000002
2307,Tentlingen,9.86
2308,Ueberstorf,12.970000000000002
2309,Wünnewil-Flamatt,9.31
2321,Attalens,7.450000000000001
2323,Bossonnens,4.839999999999998
2325,Châtel-Saint-Denis,3.719999999999999
2328,Granges (Veveyse),0.6099999999999994
2333,Remaufens,5.110000000000003
2335,Saint-Martin (FR),7.949999999999999
2336,Semsales,16.630000000000003
2337,Le Flon,13.680000000000003
2338,La Verrerie,13.239999999999998
2401,Egerkingen,8.869999999999997
2402,Härkingen,16.91
2403,Kestenholz,6.68
2404,Neuendorf,17.33
2405,Niederbuchsiten,20.220000000000002
2406,Oberbuchsiten,10.399999999999999
2407,Oensingen,9.73
2408,Wolfwil,13.179999999999998
2421,Aedermannsdorf,10.18
2422,Balsthal,9.07
2423,Gänsbrunnen,4.059999999999999
2424,Herbetswil,10.009999999999998
2425,Holderbank (SO),12.780000000000005
2426,Laupersdorf,12.32
2427,Matzendorf,20.33
2428,Mümliswil-Ramiswil,20.659999999999997
2429,Welschenrohr,12.689999999999998
2445,Biezwil,15.719999999999995
2455,Lüterkofen-Ichertswil,3.789999999999999
2456,Lüterswil-Gächliwil,19.53
2457,Messen,13.91
2461,Schnottwil,15.719999999999999
2463,Unterramsern,18.71
2464,Lüsslingen-Nennigkofen,5.4399999999999995
2465,Buchegg,12.95
2471,Bättwil,16.01
2472,Büren (SO),6.07
2473,Dornach,2.1499999999999986
2474,Gempen,6.670000000000002
2475,Hochwald,5.27
2476,Hofstetten-Flüh,12.88
2477,Metzerlen-Mariastein,16.299999999999997
2478,Nuglar-St. Pantaleon,8.27
2479,Rodersdorf,3.620000000000001
2480,Seewen,11.780000000000001
2481,Witterswil,3.7699999999999996
2491,Hauenstein-Ifenthal,2.91
2492,Kienberg,9.330000000000002
2493,Lostorf,8.93
2495,Niedergösgen,8.440000000000001
2497,Obergösgen,3.6099999999999994
2498,Rohr (SO),20.75
2499,Stüsslingen,0.030000000000001137
2500,Trimbach,6.539999999999999
2501,Winznau,10.400000000000002
2502,Wisen (SO),6.799999999999999
2503,Erlinsbach (SO),0.129999999999999
2511,Aeschi (SO),10.86
2513,Biberist,4.43
2514,Bolken,10.209999999999999
2516,Deitingen,10.5
2517,Derendingen,3.729999999999997
2518,Etziken,16.21
2519,Gerlafingen,8.190000000000001
2520,Halten,9.26
2523,Horriwil,14.030000000000001
2524,Hüniken,21.060000000000002
2525,Kriegstetten,21.46
2526,Lohn-Ammannsegg,7.1899999999999995
2527,Luterbach,7.25
2528,Obergerlafingen,13.900000000000002
2529,Oekingen,7.920000000000002
2530,Recherswil,12.05
2532,Subingen,6.879999999999999
2534,Zuchwil,4.910000000000002
2535,Drei Höfe,17.549999999999997
2541,Balm bei Günsberg,5.629999999999999
2542,Bellach,9.09
2543,Bettlach,8.36
2544,Feldbrunnen-St. Niklaus,1.7300000000000004
2545,Flumenthal,14.760000000000002
2546,Grenchen,12.350000000000001
2547,Günsberg,12.430000000000003
2548,Hubersdorf,3.17
2549,Kammersrohr,-1.9299999999999997
2550,Langendorf,3.969999999999999
2551,Lommiswil,11.009999999999998
2553,Oberdorf (SO),3.330000000000002
2554,Riedholz,6.879999999999999
2555,Rüttenen,6.210000000000001
2556,Selzach,8.64
2571,Boningen,22.970000000000002
2572,Däniken,10.07
2573,Dulliken,5.309999999999999
2574,Eppenberg-Wöschnau,-17.82
2575,Fulenbach,14.26
2576,Gretzenbach,6.689999999999998
2578,Gunzgen,18.31
2579,Hägendorf,5.640000000000001
2580,Kappel (SO),6.079999999999998
2581,Olten,-0.5700000000000003
2582,Rickenbach (SO),11.040000000000003
2583,Schönenwerd,-6.270000000000003
2584,Starrkirch-Wil,6.390000000000001
2585,Walterswil (SO),-0.3000000000000007
2586,Wangen bei Olten,8.57
2601,Solothurn,-0.5899999999999999
2611,Bärschwil,-1.7999999999999972
2612,Beinwil (SO),8.41
2613,Breitenbach,3.969999999999999
2614,Büsserach,15.260000000000002
2615,Erschwil,13.93
2616,Fehren,31.950000000000003
2617,Grindel,16.83
2618,Himmelried,12.529999999999998
2619,Kleinlützel,16.55
2620,Meltingen,19.269999999999996
2621,Nunningen,15.539999999999996
2622,Zullwil,24.159999999999997
2701,Basel,-2.1800000000000015
2702,Bettingen,4.130000000000001
2703,Riehen,4.829999999999998
2761,Aesch (BL),10.679999999999998
2762,Allschwil,6.1899999999999995
2763,Arlesheim,1.9000000000000004
2764,Biel-Benken,5.890000000000001
2765,Binningen,3.9499999999999993
2766,Birsfelden,6.850000000000001
2767,Bottmingen,6.119999999999999
2768,Ettingen,12.59
2769,Münchenstein,3.8000000000000007
2770,Muttenz,6.329999999999998
2771,Oberwil (BL),5.210000000000001
2772,Pfeffingen,14.820000000000002
2773,Reinach (BL),9.13
2774,Schönenbuch,6.379999999999999
2775,Therwil,9.079999999999998
2781,Blauen,15.16
2782,Brislach,16.200000000000003
2783,Burg im Leimental,17.45
2784,Dittingen,11.62
2785,Duggingen,11.599999999999998
2786,Grellingen,17.06
2787,Laufen,11.91
2788,Liesberg,22.39
2789,Nenzlingen,23.369999999999997
2790,Roggenburg,29.14
2791,Röschenz,16.71
2792,Wahlen,26.74
2793,Zwingen,16.139999999999997
2821,Arisdorf,12.740000000000002
2822,Augst,2.030000000000001
2823,Bubendorf,10.14
2824,Frenkendorf,10.639999999999999
2825,Füllinsdorf,10.310000000000002
2826,Giebenach,14.469999999999999
2827,Hersberg,12.8
2828,Lausen,10.200000000000003
2829,Liestal,2.299999999999997
2830,Lupsingen,4.309999999999999
2831,Pratteln,6.989999999999998
2832,Ramlinsburg,5.940000000000001
2833,Seltisberg,7.340000000000003
2834,Ziefen,5.109999999999999
2841,Anwil,-6.09
2842,Böckten,4.889999999999997
2843,Buckten,4.990000000000002
2844,Buus,-1.0400000000000063
2845,Diepflingen,14.679999999999996
2846,Gelterkinden,0.620000000000001
2847,Häfelfingen,11.799999999999997
2848,Hemmiken,-5.729999999999997
2849,Itingen,0.7199999999999989
2850,Känerkinden,1.3400000000000034
2851,Kilchberg (BL),-11.030000000000005
2852,Läufelfingen,2.1899999999999977
2853,Maisprach,3.509999999999998
2854,Nusshof,2.5799999999999983
2855,Oltingen,-6.839999999999996
2856,Ormalingen,3.719999999999999
2857,Rickenbach (BL),-7.210000000000001
2858,Rothenfluh,4.690000000000001
2859,Rümlingen,-1.0
2860,Rünenberg,7.940000000000001
2861,Sissach,2.9299999999999997
2862,Tecknau,2.690000000000005
2863,Tenniken,-0.3999999999999986
2864,Thürnen,6.400000000000002
2865,Wenslingen,-2.5500000000000043
2866,Wintersingen,6.049999999999997
2867,Wittinsburg,-4.850000000000001
2868,Zeglingen,-8.340000000000003
2869,Zunzgen,10.120000000000001
2881,Arboldswil,16.03
2882,Bennwil,-2.789999999999999
2883,Bretzwil,19.21
2884,Diegten,-2.8400000000000034
2885,Eptingen,10.170000000000002
2886,Hölstein,9.04
2887,Lampenberg,17.2
2888,Langenbruck,5.059999999999999
2889,Lauwil,14.900000000000002
2890,Liedertswil,18.379999999999995
2891,Niederdorf,10.329999999999998
2892,Oberdorf (BL),9.899999999999999
2893,Reigoldswil,6.93
2894,Titterten,10.27
2895,Waldenburg,18.360000000000003
2901,Gächlingen,4.739999999999995
2903,Löhningen,12.29
2904,Neunkirch,14.620000000000001
2914,Büttenhardt,7.8700000000000045
2915,Dörflingen,11.410000000000004
2917,Lohn (SH),17.589999999999996
2919,Stetten (SH),17.36
2920,Thayngen,16.64
2931,Bargen (SH),4.769999999999996
2932,Beringen,14.02
2933,Buchberg,13.049999999999997
2936,Merishausen,-15.970000000000006
2937,Neuhausen am Rheinfall,17.02
2938,Rüdlingen,13.920000000000002
2939,Schaffhausen,13.32
2951,Beggingen,11.049999999999997
2952,Schleitheim,12.0
2953,Siblingen,4.550000000000004
2961,Buch (SH),1.509999999999998
2962,Hemishofen,2.990000000000002
2963,Ramsen,22.310000000000002
2964,Stein am Rhein,14.000000000000004
2971,Hallau,7.689999999999998
2972,Oberhallau,5.380000000000003
2973,Trasadingen,6.079999999999998
2974,Wilchingen,8.029999999999994
3001,Herisau,31.93
3002,Hundwil,11.760000000000005
3003,Schönengrund,15.5
3004,Schwellbrunn,16.700000000000003
3005,Stein (AR),9.68
3006,Urnäsch,18.5
3007,Waldstatt,23.14
3021,Bühler,-4.829999999999998
3022,Gais,3.5799999999999983
3023,Speicher,2.2300000000000004
3024,Teufen (AR),2.9200000000000017
3025,Trogen,3.9499999999999993
3031,Grub (AR),6.100000000000001
3032,Heiden,1.0399999999999991
3033,Lutzenberg,-2.530000000000001
3034,Rehetobel,3.0900000000000034
3035,Reute (AR),2.25
3036,Wald (AR),9.339999999999996
3037,Walzenhausen,1.0
3038,Wolfhalden,4.109999999999999
3101,Appenzell,1.8300000000000018
3102,Gonten,12.43
3103,Rüte,0.03999999999999915
3104,Schlatt-Haslen,-0.5499999999999972
3105,Schwende,3.7699999999999996
3111,Oberegg,2.6499999999999986
3201,Häggenschwil,5.419999999999998
3202,Muolen,5.949999999999996
3203,St. Gallen,-3.1900000000000013
3204,Wittenbach,-0.2799999999999976
3211,Berg (SG),10.590000000000003
3212,Eggersriet,8.66
3213,Goldach,9.610000000000003
3214,Mörschwil,3.5400000000000027
3215,Rorschach,7.34
3216,Rorschacherberg,8.240000000000002
3217,Steinach,9.570000000000004
3218,Tübach,24.67
3219,Untereggen,3.0
3231,Au (SG),4.200000000000003
3232,Balgach,1.9199999999999982
3233,Berneck,8.609999999999996
3234,Diepoldsau,0.9200000000000017
3235,Rheineck,8.100000000000001
3236,St. Margrethen,8.170000000000002
3237,Thal,5.630000000000003
3238,Widnau,5.159999999999997
3251,Altstätten,0.44000000000000483
3252,Eichberg,4.960000000000001
3253,Marbach (SG),4.099999999999998
3254,Oberriet (SG),8.369999999999997
3255,Rebstein,7.849999999999998
3256,Rüthi (SG),1.3900000000000006
3271,Buchs (SG),3.2600000000000016
3272,Gams,4.27
3273,Grabs,-1.5
3274,Sennwald,4.489999999999995
3275,Sevelen,7.700000000000003
3276,Wartau,2.5199999999999996
3291,Bad Ragaz,2.9299999999999997
3292,Flums,-0.6900000000000048
3293,Mels,-2.1299999999999955
3294,Pfäfers,8.61
3295,Quarten,6.659999999999997
3296,Sargans,-0.05999999999999872
3297,Vilters-Wangs,1.4099999999999966
3298,Walenstadt,4.0
3311,Amden,7.0000000000000036
3312,Benken (SG),7.450000000000003
3313,Kaltbrunn,16.360000000000003
3315,Schänis,4.130000000000003
3316,Weesen,7.760000000000002
3338,Schmerikon,2.799999999999997
3339,Uznach,-1.6099999999999994
3340,Rapperswil-Jona,0.9299999999999997
3341,Gommiswald,7.030000000000001
3342,Eschenbach (SG),10.240000000000002
3352,Ebnat-Kappel,3.6700000000000017
3359,Wildhaus-Alt St. Johann,2.299999999999997
3360,Nesslau,12.5
3372,Hemberg,4.949999999999996
3374,Lichtensteig,8.82
3375,Oberhelfenschwil,13.71
3378,Neckertal,9.54
3379,Wattwil,8.750000000000004
3392,Kirchberg (SG),9.690000000000001
3393,Lütisburg,5.200000000000003
3394,Mosnang,8.520000000000003
3395,Bütschwil-Ganterschwil,11.91
3401,Degersheim,2.5599999999999987
3402,Flawil,2.0199999999999996
3405,Jonschwil,6.16
3407,Oberuzwil,0.240000000000002
3408,Uzwil,5.41
3422,Niederbüren,8.969999999999995
3423,Niederhelfenschwil,1.9100000000000037
3424,Oberbüren,4.829999999999998
3426,Zuzwil (SG),2.469999999999999
3427,Wil (SG),3.030000000000001
3441,Andwil (SG),5.720000000000002
3442,Gaiserwald,1.5500000000000007
3443,Gossau (SG),6.66
3444,Waldkirch,4.729999999999997
3506,Vaz/Obervaz,14.330000000000002
3513,Lantsch/Lenz,19.43
3514,Schmitten (GR),16.669999999999998
3542,Albula/Alvra,4.949999999999999
3543,Surses,1.4899999999999984
3544,Bergün Filisur,1.7699999999999996
3551,Brusio,36.42
3561,Poschiavo,25.040000000000003
3572,Falera,10.970000000000002
3575,Laax,10.709999999999997
3581,Sagogn,3.3800000000000026
3582,Schluein,17.33
3603,Vals,2.7300000000000004
3618,Lumnezia,9.929999999999998
3619,Ilanz/Glion,4.199999999999999
3633,Fürstenau,2.6700000000000017
3637,Rothenbrunnen,-10.199999999999996
3638,Scharans,-4.949999999999999
3640,Sils im Domleschg,5.019999999999996
3661,Cazis,-5.280000000000001
3662,Flerden,-19.18
3663,Masein,-6.899999999999999
3668,Thusis,1.370000000000001
3669,Tschappina,-32.8
3670,Urmein,-49.64999999999999
3672,Safiental,-26.720000000000002
3673,Domleschg,-7.59
3681,Avers,-22.300000000000004
3695,Sufers,-21.41
3701,Andeer,-21.69
3703,Casti-Wergenstein,-28.380000000000003
3705,Donat,-38.48
3707,Lohn (GR),-37.330000000000005
3708,Mathon,-55.74000000000001
3711,Rongellen,-36.53
3712,Zillis-Reischen,-23.490000000000002
3713,Ferrera,-13.699999999999996
3714,Rheinwald,-6.399999999999999
3721,Bonaduz,8.329999999999998
3722,Domat/Ems,4.360000000000003
3723,Rhäzüns,15.54
3731,Felsberg,-10.980000000000004
3732,Flims,4.27
3733,Tamins,-5.699999999999999
3734,Trin,-9.329999999999998
3746,Zernez,4.349999999999998
3752,Samnaun,31.89
3762,Scuol,-9.09
3764,Valsot,-2.2600000000000016
3781,Bever,4.530000000000001
3782,Celerina/Schlarigna,-1.9199999999999982
3783,Madulain,2.9299999999999997
3784,Pontresina,0.14000000000000057
3785,La Punt-Chamues-ch,10.5
3786,Samedan,-0.879999999999999
3787,St. Moritz,3.5100000000000016
3788,S-chanf,-31.620000000000005
3789,Sils im Engadin/Segl,-4.93
3790,Silvaplana,-2.379999999999999
3791,Zuoz,0.6600000000000001
3792,Bregaglia,-17.09
3804,Buseno,11.79
3805,Castaneda,26.5
3808,Rossa,24.67
3810,Santa Maria in Calanca,50.37
3821,Lostallo,9.22
3822,Mesocco,17.580000000000002
3823,Soazza,23.519999999999996
3831,Cama,29.959999999999997
3832,Grono,26.08
3834,Roveredo (GR),27.28
3835,San Vittore,20.330000000000002
3837,Calanca,22.32
3847,Val Müstair,-5.590000000000003
3851,Davos,-3.1700000000000017
3861,Fideris,-14.379999999999995
3862,Furna,6.1000000000000085
3863,Jenaz,-1.720000000000006
3871,Klosters-Serneus,-1.8399999999999963
3881,Conters im Prättigau,1.25
3882,Küblis,7.850000000000001
3891,Luzein,1.7800000000000011
3901,Chur,0.8599999999999994
3911,Churwalden,1.7800000000000011
3921,Arosa,6.879999999999999
3926,Maladers,9.869999999999997
3932,Tschiertschen-Praden,5.439999999999998
3941,Haldenstein,-3.0100000000000016
3945,Trimmis,13.590000000000003
3946,Untervaz,12.849999999999998
3947,Zizers,-0.060000000000002274
3951,Fläsch,-4.660000000000004
3952,Jenins,-1.25
3953,Maienfeld,0.30000000000000426
3954,Malans,-2.379999999999999
3955,Landquart,3.900000000000002
3961,Grüsch,2.1000000000000014
3962,Schiers,4.899999999999999
3972,Seewis im Prättigau,-13.670000000000002
3981,Breil/Brigels,12.450000000000001
3982,Disentis/Mustér,1.9699999999999989
3983,Medel (Lucmagn),-5.33
3985,Sumvitg,6.719999999999999
3986,Tujetsch,10.15
3987,Trun,11.879999999999999
3988,Obersaxen Mundaun,11.04
4001,Aarau,-8.129999999999999
4002,Biberstein,-7.68
4003,Buchs (AG),-3.4400000000000013
4004,Densbüren,-8.479999999999997
4005,Erlinsbach (AG),-4.270000000000003
4006,Gränichen,0.46000000000000085
4007,Hirschthal,-4.810000000000002
4008,Küttigen,-7.66
4009,Muhen,-1.75
4010,Oberentfelden,-1.8299999999999983
4012,Suhr,-8.330000000000002
4013,Unterentfelden,-5.25
4021,Baden,-3.039999999999999
4022,Bellikon,4.819999999999997
4023,Bergdietikon,-1.8600000000000065
4024,Birmenstorf (AG),-2.919999999999998
4026,Ennetbaden,-5.49
4027,Fislisbach,-0.05999999999999872
4028,Freienwil,-2.5599999999999987
4029,Gebenstorf,-1.0500000000000007
4030,Killwangen,-2.139999999999997
4031,Künten,8.420000000000002
4032,Mägenwil,-0.269999999999996
4033,Mellingen,6.25
4034,Neuenhof,1.4899999999999984
4035,Niederrohrdorf,-1.5899999999999999
4037,Oberrohrdorf,-0.7999999999999972
4038,Obersiggenthal,-2.469999999999999
4039,Remetschwil,-0.26000000000000156
4040,Spreitenbach,1.0400000000000063
4041,Stetten (AG),4.370000000000001
4042,Turgi,-4.360000000000003
4044,Untersiggenthal,-3.6400000000000006
4045,Wettingen,-0.4599999999999973
4046,Wohlenschwil,-0.20000000000000284
4047,Würenlingen,6.939999999999998
4048,Würenlos,-0.6799999999999997
4049,Ehrendingen,-2.5400000000000027
4061,Arni (AG),-1.4399999999999977
4062,Berikon,0.030000000000001137
4063,Bremgarten (AG),-1.75
4064,Büttikon,11.920000000000002
4065,Dottikon,6.350000000000001
4066,Eggenwil,-2.9299999999999997
4067,Fischbach-Göslikon,4.280000000000001
4068,Hägglingen,-0.5799999999999983
4071,Jonen,2.780000000000001
4072,Niederwil (AG),6.949999999999999
4073,Oberlunkhofen,5.640000000000001
4074,Oberwil-Lieli,10.739999999999998
4075,Rudolfstetten-Friedlisberg,0.3499999999999943
4076,Sarmenstorf,9.939999999999998
4077,Tägerig,-0.46000000000000085
4078,Uezwil,12.480000000000004
4079,Unterlunkhofen,3.4200000000000017
4080,Villmergen,6.910000000000004
4081,Widen,-0.3299999999999983
4082,Wohlen (AG),-0.14999999999999858
4083,Zufikon,2.799999999999997
4084,Islisberg,0.6599999999999966
4091,Auenstein,-2.1000000000000014
4092,Birr,-9.309999999999995
4093,Birrhard,3.6999999999999957
4094,Bözen,-4.219999999999999
4095,Brugg,-3.4399999999999977
4096,Effingen,-7.600000000000001
4097,Elfingen,-25.860000000000003
4099,Habsburg,-11.149999999999999
4100,Hausen (AG),-0.9199999999999982
4104,Lupfig,-7.739999999999995
4105,Mandach,-9.319999999999993
4106,Mönthal,-7.189999999999998
4107,Mülligen,-8.089999999999996
4110,Remigen,0.6700000000000017
4111,Riniken,-0.14999999999999858
4112,Rüfenach,-1.8499999999999943
4114,Schinznach-Bad,-3.2099999999999937
4117,Thalheim (AG),-8.469999999999999
4120,Veltheim (AG),-4.260000000000005
4121,Villigen,5.060000000000002
4122,Villnachern,-1.0300000000000011
4123,Windisch,-6.879999999999999
4124,Bözberg,-3.4099999999999966
4125,Schinznach,-5.760000000000005
4131,Beinwil am See,1.9599999999999973
4132,Birrwil,-0.13000000000000256
4133,Burg (AG),19.89
4134,Dürrenäsch,4.630000000000003
4135,Gontenschwil,10.279999999999994
4136,Holziken,-11.489999999999995
4137,Leimbach (AG),4.060000000000002
4138,Leutwil,10.909999999999997
4139,Menziken,10.769999999999996
4140,Oberkulm,1.519999999999996
4141,Reinach (AG),15.029999999999998
4142,Schlossrued,-6.850000000000001
4143,Schmiedrued,-4.420000000000002
4144,Schöftland,-3.1499999999999986
4145,Teufenthal (AG),0.1699999999999946
4146,Unterkulm,1.0499999999999972
4147,Zetzwil,8.099999999999994
4161,Eiken,9.990000000000002
4163,Frick,-0.5300000000000011
4164,Gansingen,1.3500000000000014
4165,Gipf-Oberfrick,-4.41
4166,Herznach,3.539999999999999
4167,Hornussen,11.160000000000004
4169,Kaisten,3.469999999999999
4170,Laufenburg,8.649999999999999
4172,Münchwilen (AG),8.510000000000002
4173,Oberhof,-7.280000000000001
4175,Oeschgen,-12.230000000000004
4176,Schwaderloch,14.280000000000001
4177,Sisseln,7.289999999999999
4179,Ueken,5.490000000000002
4181,Wittnau,4.780000000000001
4182,Wölflinswil,-2.299999999999997
4183,Zeihen,7.109999999999999
4184,Mettauertal,1.5300000000000011
4191,Ammerswil,3.6999999999999957
4192,Boniswil,0.28000000000000114
4193,Brunegg,7.609999999999999
4194,Dintikon,3.4100000000000037
4195,Egliswil,0.17999999999999972
4196,Fahrwangen,1.009999999999998
4197,Hallwil,14.009999999999998
4198,Hendschiken,-0.3299999999999983
4199,Holderbank (AG),16.14
4200,Hunzenschwil,5.480000000000004
4201,Lenzburg,-10.45
4202,Meisterschwanden,8.450000000000003
4203,Möriken-Wildegg,0.28000000000000114
4204,Niederlenz,-5.140000000000001
4205,Othmarsingen,-2.030000000000001
4206,Rupperswil,1.3100000000000023
4207,Schafisheim,-1.2299999999999969
4208,Seengen,2.299999999999997
4209,Seon,-6.0
4210,Staufen,-4.790000000000003
4221,Abtwil,4.990000000000002
4222,Aristau,12.55
4223,Auw,5.880000000000003
4224,Beinwil (Freiamt),-3.3900000000000006
4226,Besenbüren,-1.3299999999999983
4227,Bettwil,1.4000000000000057
4228,Boswil,7.190000000000005
4229,Bünzen,-3.799999999999997
4230,Buttwil,1.1899999999999977
4231,Dietwil,10.170000000000002
4232,Geltwil,-7.43
4233,Kallern,-5.6200000000000045
4234,Merenschwand,9.39
4235,Mühlau,3.1400000000000006
4236,Muri (AG),4.449999999999999
4237,Oberrüti,1.6999999999999993
4238,Rottenschwil,14.850000000000001
4239,Sins,2.530000000000001
4240,Waltenschwil,5.159999999999997
4251,Hellikon,11.600000000000001
4252,Kaiseraugst,5.669999999999998
4253,Magden,-2.8200000000000003
4254,Möhlin,-0.3500000000000014
4255,Mumpf,17.99
4256,Obermumpf,10.839999999999996
4257,Olsberg,10.190000000000001
4258,Rheinfelden,0.8999999999999986
4259,Schupfart,0.020000000000003126
4260,Stein (AG),5.549999999999997
4261,Wallbach,5.659999999999997
4262,Wegenstetten,6.960000000000001
4263,Zeiningen,6.210000000000001
4264,Zuzgen,2.270000000000003
4271,Aarburg,7.039999999999999
4273,Bottenwil,2.8000000000000043
4274,Brittnau,6.25
4275,Kirchleerau,6.82
4276,Kölliken,-0.5499999999999972
4277,Moosleerau,4.3799999999999955
4279,Murgenthal,-0.7199999999999989
4280,Oftringen,-0.28999999999999915
4281,Reitnau,-0.05999999999999517
4282,Rothrist,7.840000000000003
4283,Safenwil,4.489999999999995
4284,Staffelbach,-5.339999999999996
4285,Strengelbach,2.849999999999998
4286,Uerkheim,9.369999999999997
4287,Vordemwald,2.2900000000000063
4288,Wiliberg,-0.6599999999999966
4289,Zofingen,-3.629999999999999
4301,Baldingen,-1.3999999999999986
4302,Böbikon,7.3899999999999935
4303,Böttstein,7.049999999999997
4304,Döttingen,9.440000000000001
4305,Endingen,0.8599999999999994
4306,Fisibach,-2.480000000000004
4307,Full-Reuenthal,4.100000000000001
4308,Kaiserstuhl,3.009999999999998
4309,Klingnau,4.280000000000001
4310,Koblenz,-1.1699999999999946
4311,Leibstadt,6.609999999999999
4312,Lengnau (AG),3.740000000000002
4313,Leuggern,7.020000000000003
4314,Mellikon,-24.150000000000002
4315,Rekingen (AG),13.659999999999997
4316,Rietheim,2.030000000000001
4317,Rümikon,-3.1899999999999977
4318,Schneisingen,5.719999999999999
4319,Siglistorf,12.560000000000002
4320,Tegerfelden,4.07
4322,Wislikofen,1.8200000000000003
4323,Bad Zurzach,1.7799999999999976
4401,Arbon,1.6400000000000006
4406,Dozwil,24.56
4411,Egnach,-3.950000000000003
4416,Hefenhofen,3.769999999999996
4421,Horn,4.430000000000003
4426,Kesswil,5.18
4431,Roggwil (TG),-10.670000000000002
4436,Romanshorn,5.120000000000001
4441,Salmsach,3.4999999999999964
4446,Sommeri,6.300000000000004
4451,Uttwil,3.6899999999999977
4461,Amriswil,7.199999999999996
4471,Bischofszell,7.7499999999999964
4476,Erlen,6.479999999999997
4486,Hauptwil-Gottshaus,1.9899999999999949
4495,Hohentannen,-3.759999999999998
4501,Kradolf-Schönenberg,7.82
4506,Sulgen,7.280000000000001
4511,Zihlschlacht-Sitterdorf,3.940000000000005
4536,Basadingen-Schlattingen,10.550000000000004
4545,Diessenhofen,4.739999999999998
4546,Schlatt (TG),-0.07000000000000028
4551,Aadorf,7.380000000000003
4561,Felben-Wellhausen,10.620000000000005
4566,Frauenfeld,4.409999999999997
4571,Gachnang,2.3900000000000006
4590,Hüttlingen,-0.28000000000000114
4591,Matzingen,1.5799999999999983
4601,Neunforn,-1.4299999999999997
4606,Stettfurt,0.7000000000000028
4611,Thundorf,-4.740000000000002
4616,Uesslingen-Buch,5.559999999999995
4621,Warth-Weiningen,4.270000000000003
4641,Altnau,-1.9600000000000009
4643,Bottighofen,-1.8599999999999994
4646,Ermatingen,3.719999999999999
4651,Gottlieben,-10.970000000000002
4656,Güttingen,-5.539999999999999
4666,Kemmental,-5.630000000000003
4671,Kreuzlingen,-2.3699999999999974
4681,Langrickenbach,-14.299999999999997
4683,Lengwil,-5.700000000000003
4691,Münsterlingen,4.289999999999999
4696,Tägerwilen,-0.7799999999999976
4701,Wäldi,-0.6300000000000026
4711,Affeltrangen,7.659999999999997
4716,Bettwiesen,11.89
4721,Bichelsee-Balterswil,12.580000000000002
4723,Braunau,6.990000000000002
4724,Eschlikon,8.010000000000002
4726,Fischingen,9.43
4741,Lommis,1.5899999999999963
4746,Münchwilen (TG),9.020000000000003
4751,Rickenbach (TG),12.790000000000003
4756,Schönholzerswilen,-2.3500000000000014
4761,Sirnach,8.240000000000002
4776,Tobel-Tägerschen,14.649999999999999
4781,Wängi,-8.440000000000005
4786,Wilen (TG),8.64
4791,Wuppenau,3.5500000000000043
4801,Berlingen,-2.0799999999999983
4806,Eschenz,3.510000000000005
4811,Herdern,2.3399999999999963
4816,Homburg,6.729999999999997
4821,Hüttwilen,-0.740000000000002
4826,Mammern,11.830000000000002
4831,Müllheim,4.240000000000002
4841,Pfyn,11.829999999999998
4846,Raperswilen,7.980000000000004
4851,Salenstein,-6.510000000000005
4864,Steckborn,4.990000000000002
4871,Wagenhausen,3.1299999999999955
4881,Amlikon-Bissegg,1.4299999999999997
4891,Berg (TG),6.789999999999999
4901,Birwinken,8.050000000000004
4911,Bürglen (TG),8.75
4921,Bussnang,5.909999999999997
4941,Märstetten,0.21999999999999886
4946,Weinfelden,5.350000000000001
4951,Wigoltingen,-4.649999999999999
5001,Arbedo-Castione,6.140000000000001
5002,Bellinzona,6.0600000000000005
5003,Cadenazzo,6.82
5009,Isone,10.67
5010,Lumino,10.52
5017,Sant'Antonino,6.430000000000001
5048,Acquarossa,4.62
5049,Blenio,7.91
5050,Serravalle,8.06
5061,Airolo,5.659999999999999
5063,Bedretto,12.68
5064,Bodio,6.0200000000000005
5071,Dalpe,11.84
5072,Faido,7.18
5073,Giornico,5.03
5076,Personico,2.86
5077,Pollegio,5.869999999999999
5078,Prato (Leventina),5.670000000000001
5079,Quinto,7.079999999999999
5091,Ascona,2.610000000000001
5095,Brione (Verzasca),5.529999999999999
5096,Brione sopra Minusio,9.02
5097,Brissago,12.24
5102,Corippo,-5.98
5105,Frasco,14.870000000000001
5108,Gordola,3.9099999999999993
5112,Lavertezzo,6.580000000000001
5113,Locarno,5.609999999999999
5115,Losone,7.189999999999998
5117,Mergoscia,5.25
5118,Minusio,3.5100000000000007
5120,Muralto,4.760000000000001
5121,Orselina,2.01
5125,Ronco sopra Ascona,5.85
5129,Sonogno,8.78
5131,Tenero-Contra,6.19
5135,Vogorno,5.7700000000000005
5136,Onsernone,3.6000000000000005
5138,Cugnasco-Gerra,5.49
5141,Agno,9.25
5143,Aranno,5.540000000000001
5144,Arogno,7.9
5146,Astano,10.520000000000001
5148,Bedano,13.380000000000003
5149,Bedigliora,10.53
5151,Bioggio,8.91
5154,Bissone,8.830000000000002
5160,Brusino Arsizio,2.84
5161,Cademario,9.68
5162,Cadempino,8.22
5167,Canobbio,10.59
5171,Caslano,7.860000000000001
5176,Comano,0.17999999999999972
5178,Croglio,11.490000000000002
5180,Cureglia,6.5200000000000005
5181,Curio,12.490000000000002
5186,Grancia,10.149999999999999
5187,Gravesano,4.71
5189,Lamone,8.370000000000001
5192,Lugano,6.37
5193,Magliaso,5.76
5194,Manno,8.92
5195,Maroggia,4.7
5196,Massagno,5.2
5197,Melano,7.15
5198,Melide,7.62
5199,Mezzovico-Vira,5.540000000000001
5200,Miglieglia,4.8500000000000005
5202,Monteggio,22.009999999999998
5203,Morcote,1.92
5205,Muzzano,7.27
5206,Neggio,9.98
5207,Novaggio,10.649999999999999
5208,Origlio,5.08
5210,Paradiso,0.5400000000000009
5212,Ponte Capriasca,3.74
5213,Ponte Tresa,13.080000000000002
5214,Porza,4.01
5216,Pura,7.58
5219,Rovio,3.1400000000000006
5221,Savosa,7.48
5222,Sessa,11.100000000000001
5225,Sorengo,5.210000000000001
5226,Capriasca,5.31
5227,Torricella-Taverne,6.54
5230,Vernate,7.68
5231,Vezia,7.22
5233,Vico Morcote,7.210000000000001
5236,Collina d'Oro,4.1899999999999995
5237,Alto Malcantone,9.0
5238,Monteceneri,6.36
5242,Balerna,6.569999999999999
5249,Castel San Pietro,6.75
5250,Chiasso,4.32
5251,Coldrerio,8.170000000000002
5254,Mendrisio,6.9
5257,Morbio Inferiore,7.44
5260,Novazzano,6.83
5263,Riva San Vitale,7.819999999999999
5266,Stabio,6.27
5268,Vacallo,3.4399999999999995
5269,Breggia,7.1
5281,Biasca,7.6
5287,Riviera,3.29
5304,Bosco/Gurin,9.55
5307,Campo (Vallemaggia),6.58
5309,Cerentino,10.879999999999999
5310,Cevio,7.540000000000001
5315,Linescio,7.5
5317,Maggia,6.380000000000001
5323,Lavizzara,15.77
5324,Avegno Gordevio,6.33
5396,Terre di Pedemonte,4.27
5397,Centovalli,3.75
5398,Gambarogno,5.779999999999999
5401,Aigle,8.440000000000001
5402,Bex,4.57
5403,Chessel,10.79
5404,Corbeyrier,23.689999999999998
5405,Gryon,9.740000000000002
5406,Lavey-Morcles,9.280000000000001
5407,Leysin,9.77
5408,Noville,16.93
5409,Ollon,5.860000000000001
5410,Ormont-Dessous,19.199999999999996
5411,Ormont-Dessus,11.13
5412,Rennaz,2.75
5413,Roche (VD),10.140000000000002
5414,Villeneuve (VD),9.980000000000002
5415,Yvorne,7.41
5421,Apples,2.629999999999999
5422,Aubonne,1.5600000000000005
5423,Ballens,3.8699999999999974
5424,Berolle,7.68
5425,Bière,11.969999999999999
5426,Bougy-Villars,29.19
5427,Féchy,10.32
5428,Gimel,6.530000000000001
5429,Longirod,-2.1199999999999974
5430,Marchissy,4.699999999999999
5431,Mollens (VD),19.54
5432,Montherod,1.6199999999999974
5434,Saint-George,12.24
5435,Saint-Livres,0.379999999999999
5436,Saint-Oyens,-4.59
5437,Saubraz,20.049999999999997
5451,Avenches,11.070000000000002
5456,Cudrefin,9.21
5458,Faoug,6.32
5464,Vully-les-Lacs,7.949999999999999
5471,Bettens,-12.759999999999998
5472,Bournens,7.210000000000001
5473,Boussens,16.43
5474,La Chaux (Cossonay),17.61
5475,Chavannes-le-Veyron,0.2700000000000031
5476,Chevilly,3.92
5477,Cossonay,3.41
5478,Cottens (VD),6.120000000000001
5479,Cuarnens,-8.75
5480,Daillens,0.9200000000000017
5481,Dizy,9.45
5482,Eclépens,10.299999999999999
5483,Ferreyres,-2.1599999999999984
5484,Gollion,15.16
5485,Grancy,12.859999999999998
5486,L'Isle,6.41
5487,Lussery-Villars,5.050000000000001
5488,Mauraz,25.779999999999998
5489,Mex (VD),15.059999999999999
5490,Moiry,11.99
5491,Mont-la-Ville,0.3299999999999983
5492,Montricher,7.360000000000003
5493,Orny,6.809999999999999
5494,Pampigny,6.870000000000001
5495,Penthalaz,14.759999999999998
5496,Penthaz,16.98
5497,Pompaples,14.189999999999998
5498,La Sarraz,3.619999999999999
5499,Senarclens,8.59
5500,Sévery,-2.3599999999999994
5501,Sullens,16.77
5503,Vufflens-la-Ville,2.6899999999999995
5511,Assens,13.92
5512,Bercher,4.199999999999999
5513,Bioley-Orjulaz,15.75
5514,Bottens,11.590000000000003
5515,Bretigny-sur-Morrens,7.9300000000000015
5516,Cugy (VD),8.74
5518,Echallens,9.39
5520,Essertines-sur-Yverdon,-1.6999999999999993
5521,Etagnières,0.6499999999999986
5522,Fey,4.940000000000001
5523,Froideville,18.48
5527,Morrens (VD),13.75
5529,Oulens-sous-Echallens,-5.32
5530,Pailly,6.5
5531,Penthéréaz,2.599999999999998
5533,Poliez-Pittet,13.12
5534,Rueyres,10.850000000000001
5535,Saint-Barthélemy (VD),12.620000000000001
5537,Villars-le-Terroir,9.580000000000002
5539,Vuarrens,13.329999999999998
5540,Montilliez,12.1
5541,Goumoëns,-0.7399999999999984
5551,Bonvillars,20.659999999999997
5552,Bullet,26.11
5553,Champagne,15.86
5554,Concise,4.969999999999999
5555,Corcelles-près-Concise,7.4399999999999995
5556,Fiez,7.820000000000002
5557,Fontaines-sur-Grandson,7.5
5559,Giez,8.129999999999999
5560,Grandevent,8.780000000000001
5561,Grandson,9.620000000000001
5562,Mauborget,-5.25
5563,Mutrux,25.009999999999998
5564,Novalles,4.23
5565,Onnens (VD),3.5199999999999996
5566,Provence,22.4
5568,Sainte-Croix,20.730000000000004
5571,Tévenon,18.939999999999998
5581,Belmont-sur-Lausanne,4.74
5582,Cheseaux-sur-Lausanne,0.9699999999999989
5583,Crissier,9.499999999999998
5584,Epalinges,6.41
5585,Jouxtens-Mézery,6.74
5586,Lausanne,2.1100000000000003
5587,Le Mont-sur-Lausanne,7.52
5588,Paudex,3.339999999999999
5589,Prilly,6.5600000000000005
5590,Pully,4.470000000000001
5591,Renens (VD),6.32
5592,Romanel-sur-Lausanne,10.62
5601,Chexbres,6.16
5604,Forel (Lavaux),15.120000000000001
5606,Lutry,6.87
5607,Puidoux,6.829999999999998
5609,Rivaz,5.2
5610,Saint-Saphorin (Lavaux),8.49
5611,Savigny,5.75
5613,Bourg-en-Lavaux,7.57
5621,Aclens,11.510000000000002
5622,Bremblens,1.7600000000000016
5623,Buchillon,3.879999999999999
5624,Bussigny,8.060000000000002
5625,Bussy-Chardonney,0.9699999999999989
5627,Chavannes-près-Renens,7.41
5628,Chigny,5.58
5629,Clarmont,-4.670000000000002
5631,Denens,0.18999999999999773
5632,Denges,-1.4299999999999997
5633,Echandens,5.139999999999999
5634,Echichens,5.770000000000001
5635,Ecublens (VD),6.43
5636,Etoy,5.33
5637,Lavigny,6.629999999999999
5638,Lonay,8.839999999999998
5639,Lully (VD),-2.1999999999999993
5640,Lussy-sur-Morges,-4.450000000000001
5642,Morges,5.44
5643,Préverenges,6.359999999999999
5644,Reverolle,2.629999999999999
5645,Romanel-sur-Morges,10.340000000000002
5646,Saint-Prex,-5.010000000000002
5648,Saint-Sulpice (VD),5.6
5649,Tolochenaz,7.719999999999999
5650,Vaux-sur-Morges,-18.540000000000003
5651,Villars-Sainte-Croix,17.46
5652,Villars-sous-Yens,1.1700000000000017
5653,Vufflens-le-Château,3.0299999999999994
5654,Vullierens,9.689999999999998
5655,Yens,2.210000000000001
5661,Boulens,-5.170000000000002
5663,Bussy-sur-Moudon,4.699999999999999
5665,Chavannes-sur-Moudon,6.189999999999998
5669,Curtilles,-9.330000000000002
5671,Dompierre (VD),4.460000000000001
5673,Hermenches,1.5
5674,Lovatens,-13.669999999999998
5675,Lucens,-0.6400000000000006
5678,Moudon,6.459999999999999
5680,Ogens,2.3599999999999994
5683,Prévonloup,-17.390000000000004
5684,Rossenges,-21.020000000000003
5688,Syens,11.27
5690,Villars-le-Comte,-7.300000000000004
5692,Vucherens,6.059999999999999
5693,Montanaire,-2.0100000000000016
5701,Arnex-sur-Nyon,11.56
5702,Arzier-Le Muids,8.099999999999998
5703,Bassins,7.68
5704,Begnins,7.920000000000002
5705,Bogis-Bossey,0.030000000000001137
5706,Borex,8.230000000000002
5707,Chavannes-de-Bogis,6.25
5708,Chavannes-des-Bois,-1.7400000000000002
5709,Chéserex,6.769999999999998
5710,Coinsins,8.98
5711,Commugny,5.859999999999998
5712,Coppet,8.479999999999999
5713,Crans-près-Céligny,8.41
5714,Crassier,3.09
5715,Duillier,10.06
5716,Eysins,7.92
5717,Founex,5.360000000000001
5718,Genolier,5.850000000000001
5719,Gingins,2.5799999999999983
5720,Givrins,1.8199999999999985
5721,Gland,8.049999999999999
5722,Grens,-1.3900000000000006
5723,Mies,11.23
5724,Nyon,5.170000000000002
5725,Prangins,8.94
5726,La Rippe,2.5299999999999994
5727,Saint-Cergue,14.449999999999998
5728,Signy-Avenex,-0.0799999999999983
5729,Tannay,9.03
5730,Trélex,9.29
5731,Le Vaud,9.32
5732,Vich,-4.699999999999999
5741,L'Abergement,20.83
5742,Agiez,9.559999999999999
5743,Arnex-sur-Orbe,1.6000000000000014
5744,Ballaigues,20.78
5745,Baulmes,17.4
5746,Bavois,2.780000000000001
5747,Bofflens,14.99
5748,Bretonnières,20.03
5749,Chavornay,12.27
5750,Les Clées,6.129999999999999
5752,Croy,4.4
5754,Juriens,12.190000000000001
5755,Lignerolle,13.67
5756,Montcherand,21.66
5757,Orbe,12.61
5758,La Praz,8.159999999999997
5759,Premier,3.16
5760,Rances,3.289999999999999
5761,Romainmôtier-Envy,10.349999999999998
5762,Sergey,10.71
5763,Valeyres-sous-Rances,6.760000000000002
5764,Vallorbe,16.29
5765,Vaulion,16.32
5766,Vuiteboeuf,-16.349999999999998
5785,Corcelles-le-Jorat,0.019999999999999574
5788,Essertes,4.139999999999997
5790,Maracon,0.9599999999999973
5792,Montpreveyres,9.14
5798,Ropraz,-10.84
5799,Servion,8.2
5803,Vulliens,-4.32
5804,Jorat-Menthue,8.46
5805,Oron,6.469999999999999
5806,Jorat-Mézières,5.140000000000002
5812,Champtauroz,-8.829999999999998
5813,Chevroux,20.85
5816,Corcelles-près-Payerne,16.96
5817,Grandcour,2.9499999999999993
5819,Henniez,0.4399999999999977
5821,Missy,-13.020000000000003
5822,Payerne,15.61
5827,Trey,6.26
5828,Treytorrens (Payerne),11.509999999999998
5830,Villarzel,-3.289999999999999
5831,Valbroye,3.8900000000000006
5841,Château-d'Oex,14.629999999999999
5842,Rossinière,12.969999999999999
5843,Rougemont,31.439999999999998
5851,Allaman,12.120000000000001
5852,Bursinel,4.859999999999999
5853,Bursins,-17.11
5854,Burtigny,6.229999999999997
5855,Dully,10.509999999999998
5856,Essertines-sur-Rolle,-0.10999999999999943
5857,Gilly,-2.1099999999999994
5858,Luins,-12.530000000000001
5859,Mont-sur-Rolle,6.970000000000001
5860,Perroy,10.530000000000001
5861,Rolle,5.529999999999999
5862,Tartegnin,-3.789999999999999
5863,Vinzel,-11.010000000000002
5871,L'Abbaye,14.18
5872,Le Chenit,16.169999999999998
5873,Le Lieu,6.779999999999999
5881,Blonay,5.82
5882,Chardonne,7.289999999999999
5883,Corseaux,7.05
5884,Corsier-sur-Vevey,9.01
5885,Jongny,8.819999999999999
5886,Montreux,6.609999999999999
5888,Saint-Légier-La Chiésaz,7.98
5889,La Tour-de-Peilz,4.690000000000001
5890,Vevey,2.5
5891,Veytaux,-0.10999999999999943
5902,Belmont-sur-Yverdon,-1.4399999999999977
5903,Bioley-Magnoux,9.880000000000003
5904,Chamblon,3.6800000000000015
5905,Champvent,-8.649999999999999
5907,Chavannes-le-Chêne,13.54
5908,Chêne-Pâquier,-14.18
5909,Cheseaux-Noréaz,12.719999999999999
5910,Cronay,0.6600000000000001
5911,Cuarny,10.489999999999995
5912,Démoret,-23.169999999999998
5913,Donneloye,-1.7800000000000011
5914,Ependes (VD),12.74
5919,Mathod,14.97
5921,Molondin,13.21
5922,Montagny-près-Yverdon,8.56
5923,Oppens,4.5
5924,Orges,2.990000000000002
5925,Orzens,-0.4399999999999977
5926,Pomy,-12.920000000000002
5928,Rovray,-4.210000000000001
5929,Suchy,17.939999999999998
5930,Suscévaz,-1.6199999999999974
5931,Treycovagnes,5.130000000000001
5932,Ursins,12.239999999999995
5933,Valeyres-sous-Montagny,4.23
5934,Valeyres-sous-Ursins,-16.18
5935,Villars-Epeney,-24.019999999999996
5937,Vugelles-La Mothe,-14.61
5938,Yverdon-les-Bains,7.84
5939,Yvonand,5.030000000000001
6002,Brig-Glis,25.24
6004,Eggerberg,28.42
6007,Naters,34.04
6008,Ried-Brig,19.35
6009,Simplon,13.589999999999998
6010,Termen,14.11
6011,Zwischbergen,40.08
6021,Ardon,12.979999999999999
6022,Chamoson,9.6
6023,Conthey,5.770000000000001
6024,Nendaz,4.160000000000001
6025,Vétroz,7.359999999999999
6031,Bagnes,8.32
6032,Bourg-Saint-Pierre,7.989999999999999
6033,Liddes,5.120000000000001
6034,Orsières,5.84
6035,Sembrancher,16.479999999999997
6036,Vollèges,5.000000000000001
6052,Bellwald,22.58
6054,Binn,15.309999999999999
6056,Ernen,14.38
6057,Fiesch,21.98
6058,Fieschertal,30.13
6061,Lax,27.86
6076,Obergoms,26.61
6077,Goms,17.560000000000002
6082,Ayent,8.419999999999998
6083,Evolène,8.76
6084,Hérémence,16.6
6087,Saint-Martin (VS),10.530000000000001
6089,Vex,6.760000000000002
6090,Mont-Noble,14.899999999999999
6101,Agarn,14.93
6102,Albinen,23.16
6104,Ergisch,42.28
6109,Inden,14.82
6110,Leuk,14.680000000000001
6111,Leukerbad,12.97
6112,Oberems,9.780000000000001
6113,Salgesch,12.62
6116,Varen,19.19
6117,Guttet-Feschel,19.6
6118,Gampel-Bratsch,21.46
6119,Turtmann-Unterems,19.11
6131,Bovernier,7.57
6132,Charrat,3.5599999999999987
6133,Fully,2.299999999999999
6134,Isérables,9.63
6135,Leytron,5.100000000000001
6136,Martigny,3.039999999999999
6137,Martigny-Combe,3.879999999999999
6139,Riddes,8.4
6140,Saillon,-0.2400000000000002
6141,Saxon,6.539999999999999
6142,Trient,12.51
6151,Champéry,9.200000000000001
6152,Collombey-Muraz,9.68
6153,Monthey,2.0600000000000005
6154,Port-Valais,5.99
6155,Saint-Gingolph,11.679999999999998
6156,Troistorrents,3.3099999999999987
6157,Val-d'Illiez,16.270000000000003
6158,Vionnaz,10.849999999999998
6159,Vouvry,7.770000000000001
6172,Bister,26.97
6173,Bitsch,29.46
6177,Grengiols,28.24
6181,Riederalp,29.39
6191,Ausserberg,18.94
6192,Blatten,16.25
6193,Bürchen,13.45
6194,Eischoll,30.47
6195,Ferden,13.939999999999998
6197,Kippel,8.07
6198,Niedergesteln,9.46
6199,Raron,14.369999999999997
6201,Unterbäch,17.2
6202,Wiler (Lötschen),2.709999999999999
6203,Mörel-Filet,29.81
6204,Steg-Hohtenn,19.53
6205,Bettmeralp,20.509999999999998
6211,Collonges,8.02
6212,Dorénaz,6.880000000000001
6213,Evionnaz,12.89
6214,Finhaut,2.0999999999999996
6215,Massongex,6.27
6217,Saint-Maurice,2.74
6218,Salvan,2.33
6219,Vernayaz,3.4499999999999993
6220,Vérossaz,7.95
6232,Chalais,3.91
6235,Chippis,4.66
6238,Grône,8.410000000000002
6239,Icogne,3.4399999999999995
6240,Lens,6.919999999999998
6241,Miège,5.3500000000000005
6246,Saint-Léonard,3.039999999999999
6248,Sierre,5.0600000000000005
6249,Venthône,0.8899999999999988
6250,Veyras,2.9800000000000004
6252,Anniviers,6.17
6253,Crans-Montana,11.030000000000001
6261,Arbaz,5.970000000000001
6263,Grimisuat,3.0700000000000003
6265,Savièse,-0.5199999999999996
6266,Sion,3.3900000000000006
6267,Veysonnaz,3.1599999999999997
6281,Baltschieder,23.02
6282,Eisten,43.77
6283,Embd,23.729999999999997
6285,Grächen,13.88
6286,Lalden,22.990000000000002
6287,Randa,18.83
6288,Saas-Almagell,28.230000000000004
6289,Saas-Balen,32.21
6290,Saas-Fee,16.62
6291,Saas-Grund,31.04
6292,St. Niklaus,20.5
6293,Stalden (VS),23.349999999999998
6294,Staldenried,17.12
6295,Täsch,21.060000000000002
6296,Törbel,15.84
6297,Visp,22.439999999999998
6298,Visperterminen,16.709999999999997
6299,Zeneggen,5.449999999999999
6300,Zermatt,14.45
6404,Boudry,12.47
6407,Corcelles-Cormondrèche,10.45
6408,Cortaillod,11.88
6412,Peseux,13.43
6413,Rochefort,9.77
6416,Milvignes,10.98
6417,La Grande Béroche,13.38
6421,La Chaux-de-Fonds,12.01
6422,Les Planchettes,34.01
6423,La Sagne,20.67
6431,Les Brenets,22.41
6432,La Brévine,30.83
6433,Brot-Plamboz,30.39
6434,Le Cerneux-Péquignot,16.08
6435,La Chaux-du-Milieu,15.23
6436,Le Locle,11.77
6437,Les Ponts-de-Martel,27.83
6451,Cornaux,18.33
6452,Cressier (NE),12.47
6453,Enges,12.24
6454,Hauterive (NE),9.97
6455,Le Landeron,14.07
6456,Lignières,14.38
6458,Neuchâtel,7.74
6459,Saint-Blaise,7.72
6461,La Tène,10.35
6485,Valangin,11.02
6487,Val-de-Ruz,15.06
6504,La Côte-aux-Fées,37.39
6511,Les Verrières,23.95
6512,Val-de-Travers,21.14
6601,Aire-la-Ville,12.75
6602,Anières,10.16
6603,Avully,10.42
6604,Avusy,5.06
6605,Bardonnex,7.14
6606,Bellevue,7.150000000000002
6607,Bernex,6.749999999999999
6608,Carouge (GE),3.6000000000000005
6609,Cartigny,8.469999999999999
6610,Céligny,3.2200000000000006
6611,Chancy,10.52
6612,Chêne-Bougeries,5.200000000000001
6613,Chêne-Bourg,4.9399999999999995
6614,Choulex,9.63
6615,Collex-Bossy,4.1
6616,Collonge-Bellerive,7.529999999999999
6617,Cologny,9.39
6618,Confignon,3.2399999999999993
6619,Corsier (GE),6.78
6620,Dardagny,13.11
6621,Genève,5.02
6622,Genthod,9.49
6623,Le Grand-Saconnex,6.239999999999998
6624,Gy,8.16
6625,Hermance,7.659999999999999
6626,Jussy,12.43
6627,Laconnex,10.96
6628,Lancy,5.779999999999999
6629,Meinier,11.73
6630,Meyrin,9.12
6631,Onex,5.77
6632,Perly-Certoux,7.43
6633,Plan-les-Ouates,5.83
6634,Pregny-Chambésy,7.370000000000001
6635,Presinge,8.46
6636,Puplinge,9.98
6637,Russin,5.739999999999999
6638,Satigny,9.260000000000002
6639,Soral,9.95
6640,Thônex,9.579999999999998
6641,Troinex,2.7799999999999994
6642,Vandoeuvres,8.46
6643,Vernier,6.350000000000001
6644,Versoix,7.999999999999999
6645,Veyrier,5.369999999999999
6702,Boécourt,3.280000000000001
6703,Bourrignon,22.36
6704,Châtillon (JU),6.989999999999999
6706,Courchapoix,5.77
6708,Courrendlin,6.979999999999999
6709,Courroux,10.91
6710,Courtételle,5.9799999999999995
6711,Delémont,2.6899999999999995
6712,Develier,6.430000000000001
6713,Ederswiler,51.43000000000001
6715,Mervelier,11.600000000000001
6716,Mettembert,6.95
6718,Movelier,20.240000000000002
6719,Pleigne,8.879999999999999
6721,Rossemaison,6.549999999999999
6722,Saulcy,16.4
6724,Soyhières,35.379999999999995
6729,Haute-Sorne,3.59
6730,Val Terbi,10.44
6741,Le Bémont (JU),18.240000000000002
6742,Les Bois,7.710000000000001
6743,Les Breuleux,1.1600000000000001
6744,La Chaux-des-Breuleux,13.110000000000001
6745,Les Enfers,7.94
6748,Les Genevez (JU),11.030000000000001
6750,Lajoux (JU),2.869999999999999
6751,Montfaucon,9.77
6753,Muriaux,14.379999999999999
6754,Le Noirmont,7.04
6757,Saignelégier,6.23
6758,Saint-Brais,28.150000000000002
6759,Soubey,19.34
6771,Alle,8.05
6773,Beurnevésin,16.25
6774,Boncourt,7.08
6775,Bonfol,17.060000000000002
6778,Bure,11.86
6781,Coeuve,7.6499999999999995
6782,Cornol,13.37
6783,Courchavon,1.38
6784,Courgenay,14.96
6785,Courtedoux,1.2899999999999991
6787,Damphreux,21.29
6789,Fahy,11.870000000000001
6790,Fontenais,4.76
6792,Grandfontaine,19.0
6793,Lugnez,4.52
6800,Porrentruy,2.71
6806,Vendlincourt,10.49
6807,Basse-Allaine,5.620000000000001
6808,Clos du Doubs,10.58
6809,Haute-Ajoie,11.670000000000002
6810,La Baroche,8.6
9010,ZH-Ausland-CH,18.27
9030,LU-Ausland-CH,5.51
9040,UR-Ausland-CH,9.2
9100,FR-CH de l'étranger,18.26
9120,BS-Ausland-CH,11.9
9160,AI-Ausland-CH,15.09
9161,AI-Korrespondenzweg,-11.08
9170,SG-Ausland-CH,25.63
9190,AG-Ausland-CH,19.19
9200,TG-Ausland-CH,23.83
9220,VD-CH de l'étranger,18.22
9230,VS-CH de l'étranger,23.4
9250,GE-CH de l'étranger,8.08
