Datum,Aktenzeichen
25.04.2008,2C_641/2007
18.11.2015,1B_405/2015
12.09.2007,9C_392/2007
27.04.2015,9F_6/2015
19.01.2009,5A_723/2008
11.04.2008,1B_20/2008
29.06.2011,9C_494/2011
13.08.2008,4A_219/2008
28.04.2008,2C_205/2008
22.03.2010,4A_2/2010
08.12.2008,5D_148/2008
08.03.2007,2A.168/2006
29.08.2012,9C_444/2012
27.07.2007,2P.55/2007
08.02.2012,9C_768/2011
03.09.2012,1C_276/2012
25.03.2015,8C_82/2015
28.04.2015,6B_386/2015
23.03.2012,1C_73/2012
20.03.2012,8C_795/2011
17.02.2011,4A_479/2010
14.05.2008,6B_785/2007
13.08.2009,5A_200/2009
08.03.2011,6B_119/2011
18.02.2011,2C_356/2010
12.04.2016,6B_357/2016
18.09.2007,8C_109/2007
05.01.2016,4A_602/2015
29.03.2010,8C_225/2010
05.06.2012,5A_422/2012
15.10.2012,2C_451/2012
29.03.2012,9C_182/2012
28.04.2015,4D_18/2015
14.12.2016,9C_813/2016
05.07.2012,6B_112/2012
04.10.2012,2C_981/2012
22.06.2012,1B_356/2012
04.07.2008,9C_878/2007
22.12.2011,6B_497/2011
08.08.2011,5A_428/2011
16.12.2016,6B_656/2015
16.07.2009,2C_400/2009
08.07.2011,9C_189/2011
30.06.2009,9C_969/2008
29.04.2014,9C_268/2014
08.12.2016,6B_594/2016
18.08.2010,5A_556/2010
02.06.2009,2C_333/2009
26.04.2011,4A_112/2011
28.10.2008,2C_719/2008
15.01.2009,1B_338/2008
09.12.2016,8C_702/2016
06.09.2012,1B_465/2012
08.12.2016,1C_560/2016
15.05.2015,9C_38/2015
19.01.2009,1F_1/2009
04.07.2016,8C_409/2016
15.12.2014,6B_889/2014
01.09.2007,6B_431/2007
11.01.2008,5A_227/2007
15.05.2007,5D_26/2007
13.11.2007,5D_118/2007
28.09.2007,2C_255/2007
12.10.2011,4D_72/2011
06.08.2007,1E.14/2006
02.04.2012,1B_94/2012
29.10.2007,8C_414/2007
08.05.2012,8C_259/2012
08.02.2013,2T_8/2012
31.05.2007,1B_71/2007
08.10.2007,4D_47/2007
19.09.2012,2D_51/2012
21.12.2015,1F_31/2015
21.01.2016,6B_1334/2015
24.02.2009,1C_586/2008
20.12.2013,1C_807/2013
23.09.2008,6B_639/2008
12.01.2009,5D_177/2008
14.07.2015,6B_582/2015
04.05.2009,6B_213/2009
30.04.2007,4A_65/2007
07.12.2009,1B_231/2009
25.05.2012,9C_349/2012
07.01.2008,2A.665/2006
19.05.2009,5A_336/2009
05.07.2012,5D_118/2012
16.03.2016,1B_89/2016
30.08.2012,1C_340/2012
30.03.2015,6B_222/2015
30.09.2014,5D_146/2014
08.12.2016,1C_111/2016
05.07.2011,2C_951/2010
04.08.2014,4A_217/2014
14.12.2009,9C_1030/2009
20.10.2011,5A_731/2011
19.03.2010,8C_1080/2009
09.12.2016,6B_500/2016
20.05.2008,2C_333/2008
03.06.2008,2D_48/2008
09.03.2012,4A_538/2011
24.06.2011,2C_525/2011
08.12.2016,4A_393/2016
16.04.2007,6B_95/2007
04.07.2014,9C_424/2014
24.07.2012,6B_391/2012
07.09.2012,5F_7/2012
29.03.2012,8C_94/2012
16.05.2008,6B_264/2008
04.11.2011,1C_302/2011
16.12.2016,1B_477/2016
09.01.2008,2C_12/2008
16.07.2010,5A_281/2010
15.12.2016,5A_952/2016
03.11.2008,2D_93/2008
08.05.2008,8C_745/2007
27.03.2009,5A_118/2009
11.04.2008,6B_142/2008
02.07.2008,1B_160/2008
23.05.2008,4D_60/2008
23.12.2011,9C_873/2011
20.02.2013,2C_42/2013
26.03.2015,6B_82/2015
14.01.2009,2C_726/2008
03.12.2012,2C_1130/2012
18.06.2008,1C_100/2008
25.08.2009,8C_939/2008
22.07.2014,5A_590/2014
12.03.2010,2C_658/2009
16.11.2012,2C_386/2012
06.10.2011,6F_13/2011
17.02.2012,1C_96/2012
25.04.2014,2D_30/2014
14.07.2014,4A_130/2014
13.11.2007,6B_506/2007
01.09.2007,6G_2/2007
07.06.2011,9C_125/2011
18.10.2010,9C_769/2010
15.05.2012,2C_314/2012
09.05.2016,1B_164/2016
11.02.2010,1C_423/2009
02.03.2010,8C_623/2009
18.05.2015,8C_908/2014
17.06.2008,6B_62/2008
24.08.2012,2T_3/2012
09.01.2009,4A_460/2008
20.01.2016,4D_81/2015
06.04.2010,6B_243/2010
15.10.2008,9C_561/2008
18.03.2014,6B_146/2014
19.02.2008,8C_585/2007
12.08.2014,1C_105/2014
27.05.2008,8C_86/2008
09.09.2008,8C_584/2007
14.09.2016,4A_243/2013
27.03.2014,1C_104/2014
23.06.2009,8C_471/2009
09.04.2008,9C_125/2007
14.04.2008,2D_34/2008
19.05.2008,4A_135/2008
18.08.2015,6B_810/2014
12.03.2008,8C_15/2008
20.12.2013,5A_886/2013
16.02.2011,1C_72/2011
08.04.2009,1C_28/2009
16.03.2015,4A_636/2014
09.04.2009,1C_29/2009
05.03.2010,8C_108/2010
11.12.2007,5A_325/2007
08.01.2008,6B_755/2007
15.06.2007,2C_131/2007
14.10.2013,5F_22/2013
06.08.2007,2A.30/2007
08.12.2011,1C_544/2011
07.07.2008,5A_234/2008
01.03.2007,4A_19/2007
15.06.2010,8C_487/2010
13.08.2012,2C_49/2012
03.02.2010,4A_13/2010
16.12.2016,6B_1393/2016
14.07.2009,4A_198/2009
18.10.2010,2C_793/2010
20.02.2012,6B_44/2012
09.12.2016,6B_849/2016
19.03.2013,1B_33/2013
08.12.2016,4A_684/2016
01.02.2013,1B_32/2013
15.02.2016,2C_979/2015
09.02.2009,1C_521/2008
28.10.2013,1C_298/2013
04.04.2008,8C_188/2008
22.03.2010,9C_66/2010
30.09.2009,1B_205/2009
28.12.2015,9C_601/2015
30.04.2014,8C_855/2013
08.06.2016,4A_284/2016
14.05.2012,8C_32/2012
08.12.2015,1C_609/2015
06.03.2009,9C_1073/2008
03.08.2012,1B_426/2012
13.11.2012,1B_640/2012
05.05.2011,1B_94/2011
15.04.2014,9C_757/2013
26.04.2016,4A_178/2016
08.11.2011,2D_51/2011
22.06.2015,5A_492/2015
20.05.2011,4A_151/2011
07.10.2009,1C_265/2009
21.04.2016,2C_164/2016
27.06.2011,1B_321/2011
08.06.2010,5A_358/2010
04.10.2012,8C_739/2012
16.02.2010,4A_521/2009
19.10.2012,2C_1033/2012
29.04.2010,4A_64/2010
04.06.2009,8C_756/2008
04.12.2007,2D_81/2007
28.08.2012,8F_10/2012
20.08.2012,8F_11/2012
20.04.2010,5A_620/2009
13.10.2016,5A_653/2016
06.11.2009,4F_12/2009
04.06.2013,1B_363/2012
19.04.2010,8C_136/2010
24.04.2015,6B_369/2015
08.12.2016,2C_693/2016
30.04.2012,9C_291/2012
09.12.2016,8C_348/2016
16.12.2016,6B_1330/2016
03.09.2014,5A_667/2014
07.01.2016,2C_615/2014
24.08.2012,8C_364/2012
22.04.2010,6B_112/2010
03.06.2015,2C_496/2015
18.07.2008,8C_291/2008
02.03.2016,5A_874/2015
05.03.2008,6B_149/2008
28.12.2011,9C_939/2011
20.06.2012,8C_956/2011
08.07.2008,9C_897/2007
20.06.2014,6B_356/2014
25.03.2010,2C_688/2009
07.08.2008,6B_193/2008
17.09.2015,8C_396/2015
26.03.2014,9C_33/2014
13.03.2015,6B_52/2015
25.06.2012,6B_200/2012
19.12.2013,1C_905/2013
27.06.2014,8C_373/2014
03.06.2008,8C_63/2008
04.03.2011,2C_172/2011
03.06.2009,2D_35/2009
01.07.2010,2C_558/2010
06.08.2008,8C_707/2007
02.06.2008,1B_123/2008
15.11.2016,1C_480/2016
17.04.2015,4A_640/2014
21.12.2012,2F_23/2012
05.01.2016,1B_430/2015
14.02.2012,4A_2/2012
03.04.2014,1C_18/2014
09.02.2010,4A_607/2009
19.08.2010,4A_315/2010
17.11.2009,4A_503/2009
09.10.2015,8C_555/2015
20.03.2012,5A_12/2012
15.02.2012,8C_650/2011
19.08.2015,1B_260/2015
25.03.2014,4F_4/2014
12.12.2012,2D_47/2012
23.05.2013,1B_66/2013
22.04.2015,2C_314/2015
22.11.2012,2C_594/2012
19.02.2009,2C_606/2008
17.09.2007,8C_403/2007
22.12.2008,1C_574/2008
24.03.2011,5A_204/2011
05.03.2009,2D_134/2008
06.09.2016,8C_613/2012
26.05.2008,9C_68/2008
15.07.2014,1C_866/2013
03.12.2007,9C_698/2007
16.09.2014,5F_17/2014
10.09.2012,6B_363/2012
02.05.2008,6B_749/2007
29.04.2008,6B_296/2008
08.09.2008,9C_612/2008
18.01.2007,1P.751/2006
29.10.2010,5A_727/2010
13.12.2016,5A_325/2016
17.03.2009,1C_117/2009
12.10.2007,9C_424/2007
16.12.2016,6B_654/2016
14.02.2012,1C_65/2012
08.07.2008,2C_280/2008
20.03.2012,2C_806/2011
07.06.2014,2C_511/2014
30.10.2012,1B_532/2012
11.12.2007,5A_278/2007
01.09.2008,4D_92/2008
25.01.2012,2C_55/2012
22.11.2016,1C_431/2016
09.12.2016,5D_200/2016
08.12.2016,1B_289/2016
04.06.2008,8C_378/2007
04.01.2010,2E_2/2009
28.02.2008,1B_36/2008
07.09.2011,2C_151/2011
20.01.2016,6B_1286/2015
25.02.2014,8C_725/2013
06.08.2008,8C_724/2007
29.05.2009,2D_17/2009
29.12.2015,6B_1287/2015
23.10.2013,5A_624/2013
22.08.2012,5D_131/2012
12.12.2008,8C_453/2008
04.06.2014,8C_848/2013
13.09.2007,1C_217/2007
05.09.2008,8C_106/2008
08.11.2007,2C_303/2007
25.09.2007,2D_78/2007
21.10.2009,4G_2/2009
05.01.2009,4D_130/2008
15.06.2016,8C_191/2016
30.06.2008,5D_60/2008
07.10.2009,6F_4/2009
12.09.2016,6B_662/2016
22.10.2009,4D_130/2009
09.06.2009,2C_213/2009
16.04.2012,8C_270/2012
06.05.2008,5A_285/2008
15.06.2007,2A.80/2007
04.03.2014,4A_552/2013
19.05.2008,1C_184/2008
03.01.2008,5A_4/2008
23.04.2012,2C_303/2012
12.10.2009,4A_395/2009
22.05.2012,9C_385/2012
12.08.2008,9C_270/2008
18.02.2014,4A_9/2014
03.03.2010,1F_4/2010
15.12.2009,5A_553/2009
20.03.2008,2D_17/2008
10.04.2008,4A_117/2008
24.09.2007,9C_361/2007
03.09.2014,8C_327/2014
02.06.2008,8C_534/2007
08.12.2016,1C_616/2015
17.05.2011,5A_333/2011
18.03.2016,5A_868/2015
25.04.2008,8C_535/2007
09.12.2016,6B_917/2016
09.02.2010,8F_14/2009
02.07.2008,2C_620/2007
27.10.2008,2D_84/2008
12.12.2011,5D_197/2011
13.05.2008,6B_510/2007
08.11.2007,2C_375/2007
06.12.2007,5A_160/2007
30.05.2008,6B_776/2007
22.02.2012,1C_80/2012
23.11.2015,2C_980/2015
26.02.2008,5D_17/2008
16.12.2016,6B_79/2016
07.12.2009,6B_1034/2009
25.04.2008,5A_216/2008
24.06.2011,2C_533/2011
12.02.2008,4A_481/2007
04.08.2008,8C_347/2007
13.10.2010,4A_362/2010
28.08.2008,6B_541/2008
20.05.2008,2C_324/2008
18.02.2014,8C_347/2013
04.08.2008,8C_346/2007
11.02.2010,4A_575/2009
02.07.2007,5A_247/2007
26.02.2009,4A_591/2008
10.03.2011,8C_114/2011
23.09.2008,2C_671/2008
09.02.2016,2C_92/2016
24.03.2014,5A_192/2014
28.03.2012,9C_925/2011
08.04.2009,9C_598/2008
12.05.2015,5A_382/2015
28.06.2013,2C_594/2013
06.10.2015,6G_2/2015
18.03.2008,6B_558/2007
30.09.2013,1C_229/2013
22.11.2012,1B_663/2012
07.12.2015,1B_284/2015
29.02.2012,9C_138/2012
20.04.2016,2C_321/2016
18.04.2007,4C.35/2007
26.10.2009,9C_877/2009
25.05.2010,1B_164/2010
22.10.2010,4A_559/2010
26.07.2012,2C_723/2012
19.07.2011,9C_512/2011
31.01.2012,2C_1010/2011
27.04.2015,6B_308/2015
23.04.2012,1B_53/2012
13.12.2011,2C_1011/2011
27.04.2015,1F_12/2015
09.02.2009,2C_46/2009
04.02.2014,4D_81/2013
06.05.2014,8C_253/2014
11.11.2009,5A_640/2009
19.08.2009,5A_426/2009
25.02.2016,6B_39/2016
16.03.2010,6F_23/2009
30.08.2007,1B_181/2007
12.04.2010,4A_449/2009
01.06.2010,1B_150/2010
12.11.2007,2F_8/2007
15.11.2007,4A_426/2007
08.02.2007,1P.574/2006
17.06.2009,9C_440/2009
27.03.2013,1C_172/2013
09.11.2015,5A_886/2015
04.03.2011,6B_104/2011
14.02.2012,1C_412/2011
05.09.2008,6B_575/2008
17.10.2014,9C_648/2013
02.07.2012,4A_31/2012
29.11.2011,1C_146/2011
07.07.2011,6B_8/2011
08.02.2012,4A_30/2012
24.10.2012,1B_390/2012
29.03.2010,5A_824/2009
11.09.2015,2C_131/2015
19.12.2016,1B_458/2016
13.09.2012,1B_479/2012
17.08.2011,6B_964/2010
15.03.2010,5A_184/2010
10.01.2011,2C_391/2010
17.04.2012,9C_145/2012
30.04.2008,1B_75/2008
30.03.2008,6B_161/2008
24.02.2016,5A_149/2016
14.12.2016,1B_381/2016
29.01.2009,1C_345/2008
15.06.2011,1B_200/2011
16.04.2008,5A_223/2008
08.12.2016,6B_1160/2016
16.12.2014,1B_386/2014
08.12.2016,4D_70/2016
30.04.2015,6B_126/2015
09.12.2016,8C_197/2016
24.11.2007,6B_743/2007
18.01.2011,2C_55/2011
05.08.2016,6B_833/2016
22.01.2008,2C_340/2007
28.07.2010,4A_285/2010
15.05.2012,1C_223/2012
14.02.2012,2C_150/2012
13.02.2008,5A_76/2008
29.05.2009,9C_576/2008
15.01.2010,2C_23/2010
26.04.2010,2F_2/2010
20.07.2010,6B_567/2010
09.06.2011,8C_295/2011
10.09.2012,9C_519/2012
29.06.2012,9C_518/2012
24.03.2011,1B_58/2011
23.03.2009,4D_35/2009
27.08.2012,5A_611/2012
04.01.2016,4A_656/2015
14.05.2008,9C_244/2008
12.10.2013,8C_592/2013
17.02.2011,8C_1055/2010
07.11.2007,2C_404/2007
20.04.2015,2C_261/2015
13.03.2015,5A_212/2015
14.12.2012,2C_687/2012
05.03.2007,5A_18/2007
09.08.2011,4F_16/2011
18.07.2008,6B_443/2008
26.10.2009,4A_477/2009
03.07.2014,4A_303/2014
21.01.2016,1C_447/2015
12.05.2015,4A_113/2015
09.12.2016,5D_201/2016
09.10.2008,9C_87/2008
16.10.2007,6B_368/2007
23.04.2012,2C_340/2012
24.02.2014,1B_32/2014
09.12.2016,1B_455/2016
16.06.2014,9C_676/2013
17.08.2010,6B_59/2010
27.03.2014,6B_951/2013
28.05.2008,2D_54/2008
14.12.2016,9C_829/2016
07.07.2008,2D_55/2008
08.06.2010,1C_261/2010
18.03.2008,6B_184/2008
16.12.2016,8C_680/2016
26.09.2011,9C_703/2011
02.02.2009,5A_825/2008
12.04.2010,6B_82/2010
13.11.2009,5A_636/2009
08.02.2007,5C.317/2006
18.07.2012,4A_386/2012
25.01.2010,1B_265/2009
14.06.2007,5A_296/2007
28.04.2008,9C_737/2007
25.02.2008,6B_811/2007
06.07.2009,4D_98/2009
03.10.2007,8C_397/2007
15.02.2012,9C_33/2012
26.09.2012,6B_464/2012
24.03.2015,2C_92/2015
23.12.2011,5A_900/2011
27.10.2007,6B_412/2007
27.12.2007,1B_299/2007
20.12.2012,2C_1243/2012
01.09.2008,2C_366/2008
07.05.2012,9C_791/2011
20.03.2008,9C_187/2008
02.04.2012,1B_181/2012
12.05.2011,5A_230/2011
02.04.2012,2C_308/2012
27.12.2007,1B_302/2007
14.01.2008,4A_1/2008
07.06.2010,5D_75/2010
14.07.2014,5A_171/2014
14.08.2008,9C_869/2007
23.05.2007,2D_37/2007
26.02.2008,1C_258/2007
22.11.2012,2C_500/2012
14.02.2012,1B_17/2012
05.11.2012,2C_1084/2012
25.01.2016,2C_5/2016
25.01.2010,2C_519/2009
28.12.2007,8C_151/2007
19.12.2008,9C_871/2008
30.10.2012,2C_1017/2012
02.10.2013,1C_136/2013
16.08.2010,9C_212/2010
25.06.2007,5A_236/2007
18.05.2016,9C_123/2016
06.08.2012,2D_40/2012
08.10.2013,1C_604/2013
08.10.2010,8C_729/2010
22.03.2012,9C_954/2011
04.12.2014,6B_902/2014
09.06.2009,1C_159/2009
05.06.2012,6B_733/2011
13.08.2012,1B_294/2012
12.12.2008,2C_741/2008
20.05.2008,6B_342/2008
21.11.2012,1B_295/2012
12.12.2016,1B_342/2016
08.06.2011,8C_243/2011
26.02.2008,1B_271/2007
13.12.2016,8C_799/2016
02.10.2015,1B_326/2015
08.02.2012,8C_570/2011
13.07.2010,5D_103/2010
02.04.2008,8C_277/2007
24.02.2010,8C_929/2009
20.12.2010,5A_897/2010
15.12.2011,5A_873/2011
16.12.2015,4A_346/2015
03.04.2008,2C_759/2007
09.06.2011,2C_490/2011
19.03.2009,9C_533/2008
19.07.2011,2C_491/2011
30.04.2008,2C_287/2008
26.12.2008,6B_872/2008
20.01.2009,1B_5/2009
09.03.2007,1P.342/2006
13.05.2009,4A_182/2009
23.04.2013,4A_210/2013
05.10.2012,9C_192/2012
16.11.2009,1B_170/2009
22.07.2008,1C_209/2008
04.04.2016,1B_102/2016
15.12.2008,1B_317/2008
16.07.2008,4D_70/2008
23.08.2012,9C_311/2012
29.01.2008,1B_4/2008
04.02.2016,5D_169/2015
24.03.2015,6B_1212/2014
30.12.2015,9C_900/2015
04.04.2011,5A_68/2011
29.04.2016,1C_187/2016
12.06.2007,5A_300/2007
20.04.2007,4C.375/2006
19.05.2008,1C_110/2008
12.09.2008,6B_660/2008
04.06.2009,8C_192/2009
26.05.2010,4A_433/2009
06.12.2012,1B_543/2012
23.05.2008,1C_183/2008
19.06.2013,2C_548/2013
26.02.2008,5A_45/2008
02.02.2007,5P.530/2006
20.03.2012,2C_876/2011
21.08.2008,5A_283/2008
30.04.2013,1B_168/2013
13.12.2016,5A_655/2016
11.10.2007,1C_108/2007
22.07.2014,6B_650/2014
08.08.2012,4F_11/2012
12.12.2016,8C_566/2016
14.04.2008,6B_678/2007
01.11.2011,2C_527/2009
08.06.2011,6B_319/2011
28.11.2012,2C_1169/2012
27.02.2014,5A_971/2013
20.10.2011,8C_728/2011
02.05.2012,1C_136/2012
17.05.2010,4D_62/2010
16.09.2015,1B_283/2015
18.04.2008,4D_38/2008
24.07.2008,2C_519/2008
23.06.2008,9C_773/2007
26.02.2013,1G_1/2013
20.06.2011,8C_55/2011
02.12.2008,8C_869/2008
18.09.2012,1B_490/2012
14.06.2007,1G_1/2007
05.02.2010,1C_69/2010
11.12.2007,6B_630/2007
04.05.2015,6B_48/2015
12.10.2007,9C_586/2007
16.06.2016,9C_401/2016
18.03.2008,6B_364/2007
15.07.2010,5D_91/2010
02.02.2016,5F_11/2015
03.05.2013,1B_121/2013
11.01.2008,5A_715/2007
17.02.2011,8C_112/2011
14.02.2014,8C_472/2013
10.07.2008,5A_462/2008
24.06.2010,2C_881/2008
20.12.2011,1C_174/2011
26.05.2011,5D_74/2011
08.07.2009,9C_446/2009
08.12.2008,8F_18/2008
03.09.2014,9C_154/2014
07.02.2011,1B_17/2011
27.10.2015,5D_187/2015
12.08.2008,5A_364/2008
28.10.2010,9C_868/2010
06.10.2011,1C_414/2011
02.03.2012,6B_631/2011
10.07.2008,5A_457/2008
19.10.2011,1C_327/2011
23.03.2011,5D_41/2011
30.11.2011,1B_474/2011
11.01.2011,2C_618/2010
22.03.2011,5D_40/2011
09.04.2009,6B_879/2008
08.06.2007,6B_136/2007
04.11.2013,1B_373/2013
02.12.2013,5D_225/2013
09.08.2011,5A_14/2011
24.01.2014,1C_37/2014
20.06.2008,4A_202/2008
23.08.2010,4A_258/2010
12.03.2010,8C_17/2010
14.10.2014,8C_567/2014
26.07.2012,1B_436/2012
19.03.2013,6B_672/2012
29.10.2012,2C_331/2012
01.06.2010,2C_24/2010
13.12.2016,8C_153/2016
24.02.2009,6B_97/2009
13.12.2016,8C_473/2016
12.12.2016,9C_527/2016
21.10.2010,4F_11/2010
25.04.2012,2C_11/2012
23.11.2015,2C_1034/2015
13.04.2016,1B_141/2016
04.07.2008,8C_485/2008
22.05.2008,4A_11/2008
01.10.2007,5D_103/2007
15.06.2011,5A_392/2011
25.02.2014,2D_8/2014
22.10.2007,1B_232/2007
25.03.2015,4A_627/2014
16.12.2008,9C_478/2008
22.05.2013,2C_474/2013
08.07.2014,5A_897/2013
01.09.2007,6B_210/2007
09.07.2012,9C_142/2012
22.03.2012,9C_143/2012
09.09.2008,1C_343/2008
26.03.2010,6B_1006/2009
13.11.2007,5A_579/2007
26.04.2012,8C_235/2012
02.02.2010,9C_64/2009
14.02.2008,9C_887/2007
09.03.2012,5A_69/2012
19.08.2009,8C_862/2008
09.12.2009,5A_770/2009
21.02.2007,6B_4/2007
30.04.2009,9C_243/2009
07.02.2014,6B_34/2014
13.07.2010,6B_585/2010
25.02.2016,6B_403/2015
17.09.2012,8C_594/2012
28.08.2008,5A_561/2008
10.09.2012,5A_494/2012
14.07.2008,2C_513/2008
12.07.2012,9C_134/2012
12.12.2016,9C_587/2016
13.12.2016,6F_32/2016
18.07.2008,6B_444/2008
08.12.2016,6B_1264/2016
28.03.2008,5A_94/2008
18.08.2014,4A_584/2013
23.09.2015,5A_740/2015
11.08.2008,2C_488/2008
04.02.2010,5D_189/2009
13.12.2016,4A_293/2016
19.08.2009,9C_570/2009
23.05.2011,4A_282/2011
30.03.2012,8C_180/2012
19.03.2010,4A_75/2010
08.03.2010,5D_7/2010
15.04.2008,6B_672/2007
13.06.2007,5A_202/2007
15.02.2016,9C_509/2015
03.03.2014,9C_123/2014
27.03.2012,2C_711/2011
13.02.2009,9C_845/2008
19.12.2012,2C_1245/2012
10.02.2012,2C_710/2011
23.09.2008,6B_763/2008
29.03.2012,2C_294/2012
03.01.2008,5A_757/2007
05.12.2011,4A_697/2011
05.02.2008,5A_756/2007
27.09.2013,1B_304/2013
22.05.2013,1C_646/2012
30.09.2011,9C_704/2011
15.03.2012,4D_14/2012
26.08.2016,8C_524/2016
28.07.2009,4A_291/2009
07.04.2010,8C_127/2010
07.10.2014,9C_682/2014
24.06.2009,9C_390/2009
05.09.2013,1C_68/2013
12.10.2016,5A_642/2016
22.10.2015,6B_940/2015
19.10.2011,8C_496/2011
02.02.2010,1B_16/2010
03.10.2007,5D_91/2007
02.09.2008,5A_528/2008
11.09.2015,5A_693/2015
23.06.2016,6B_98/2015
08.08.2008,8C_281/2008
01.12.2009,1C_203/2009
30.05.2008,4A_457/2007
05.11.2008,2D_88/2008
13.08.2014,6F_14/2014
29.12.2014,6B_1219/2014
28.10.2013,1C_90/2013
20.03.2013,1B_109/2013
22.03.2012,5A_692/2011
05.03.2014,8C_61/2014
23.09.2008,2C_290/2008
12.08.2008,9C_435/2007
23.01.2008,1C_295/2007
06.05.2015,6B_380/2015
24.08.2016,1C_174/2016
29.04.2011,9C_682/2010
28.10.2011,5A_709/2011
05.02.2010,2C_4/2010
25.10.2011,8C_608/2011
10.07.2012,1B_210/2012
17.08.2010,8C_419/2010
28.03.2011,1B_99/2011
12.05.2015,6B_420/2015
06.02.2013,2C_33/2013
31.03.2009,1C_424/2008
28.07.2011,2C_326/2011
22.07.2008,2C_530/2008
30.04.2010,6B_169/2010
08.06.2015,9C_358/2015
26.11.2008,4D_120/2008
04.04.2014,1F_9/2014
27.02.2014,1B_84/2014
01.11.2016,6B_22/2016
07.11.2016,1C_381/2016
23.04.2007,5A_106/2007
17.02.2012,8C_701/2011
06.03.2012,4F_3/2012
22.11.2012,1F_21/2012
19.03.2008,1C_53/2008
03.09.2013,8C_589/2013
13.12.2016,6B_1261/2016
12.12.2016,9C_363/2016
28.10.2013,1C_120/2013
13.02.2015,2F_4/2015
13.12.2016,6B_349/2016
30.06.2011,6B_331/2011
13.06.2012,5A_741/2011
08.06.2012,2C_732/2011
02.07.2010,2C_319/2010
07.09.2011,2E_1/2011
20.11.2008,5A_664/2008
10.03.2010,6B_34/2010
15.12.2008,5A_402/2008
22.02.2012,1B_92/2012
05.04.2012,5A_139/2012
21.05.2012,1C_238/2012
24.03.2010,2C_39/2010
04.07.2013,1C_612/2013
22.04.2016,2C_67/2016
19.11.2009,2C_406/2009
16.03.2010,2C_210/2010
05.04.2016,6B_962/2015
26.06.2014,8C_200/2014
03.08.2010,6B_612/2010
18.01.2010,2C_407/2009
24.03.2014,8C_201/2014
02.09.2008,6B_648/2008
04.06.2009,2C_334/2009
05.02.2008,9C_712/2007
27.02.2008,9C_574/2007
17.08.2012,8C_357/2012
14.08.2008,2C_578/2008
22.06.2010,6B_346/2010
30.04.2010,9C_296/2010
10.06.2011,4A_114/2011
26.09.2012,4A_490/2012
16.07.2012,1C_157/2012
16.10.2012,1B_605/2012
02.09.2008,9C_464/2008
04.07.2012,2C_957/2011
09.03.2011,8C_42/2011
18.02.2013,1B_487/2012
18.03.2010,8C_900/2009
04.05.2010,6B_42/2010
22.10.2008,5A_612/2008
09.03.2011,2C_211/2011
13.05.2009,5A_238/2009
16.07.2009,1C_512/2008
09.09.2008,1B_240/2008
04.02.2008,2C_516/2007
06.04.2009,5A_703/2007
21.11.2007,5A_565/2007
02.02.2016,9C_857/2015
12.10.2012,2C_828/2011
17.11.2009,5A_491/2009
27.11.2009,5A_801/2009
19.12.2007,4A_331/2007
01.11.2012,1B_77/2012
19.04.2013,1C_239/2013
04.06.2007,5A_138/2007
03.09.2007,2D_56/2007
23.05.2014,2C_305/2014
20.01.2016,6B_1333/2015
05.08.2008,6B_458/2008
21.05.2013,1C_490/2013
02.07.2007,6B_187/2007
10.12.2008,8C_976/2008
19.06.2008,5A_88/2008
22.02.2010,6B_156/2010
13.12.2016,5A_472/2015
12.12.2016,2C_625/2016
27.09.2012,9C_780/2012
04.04.2012,4D_91/2011
14.04.2009,9C_1041/2008
13.12.2016,8C_637/2016
23.08.2012,8C_589/2012
29.10.2012,1C_347/2012
30.04.2008,5A_53/2008
25.02.2008,2A.91/2007
26.09.2012,6B_577/2012
23.04.2012,4A_169/2012
06.12.2012,1B_555/2012
03.10.2014,5A_763/2014
03.02.2012,8C_912/2011
28.10.2013,6B_902/2013
28.03.2012,2C_288/2012
26.01.2009,4D_10/2009
19.11.2007,2D_103/2007
03.07.2009,8C_443/2009
17.12.2015,4A_414/2015
15.09.2015,9C_587/2015
18.09.2015,6B_1062/2014
30.04.2012,2C_136/2011
17.10.2014,5A_62/2014
06.05.2012,2C_381/2012
14.04.2015,1B_121/2015
27.04.2015,4D_20/2015
24.10.2011,5D_186/2011
30.07.2009,2D_45/2009
28.03.2013,1C_593/2012
01.11.2016,5A_158/2016
16.12.2010,5D_157/2010
20.12.2012,2C_1102/2012
28.04.2011,2C_420/2010
26.01.2009,4A_601/2008
27.08.2012,2T_4/2012
25.01.2012,1C_36/2012
28.04.2014,6B_1176/2013
23.04.2007,5P.10/2007
12.05.2011,8C_1044/2010
27.07.2012,8C_567/2012
09.12.2016,5A_445/2016
25.02.2016,2F_4/2016
12.12.2016,4A_641/2016
13.12.2016,2C_613/2016
20.06.2011,6B_651/2010
14.12.2009,5A_651/2009
15.04.2010,9C_128/2010
09.03.2012,2E_1/2012
13.09.2012,4F_8/2012
22.05.2008,5A_186/2008
28.09.2012,1C_372/2012
21.03.2007,6B_35/2007
16.12.2008,8C_449/2008
07.04.2015,9C_135/2015
23.02.2010,6B_982/2009
25.06.2009,6B_512/2009
08.08.2008,9C_751/2007
17.05.2010,4D_40/2010
02.03.2007,2C_39/2007
21.03.2007,4C.11/2007
26.05.2008,9C_536/2007
25.10.2011,8C_76/2011
07.08.2008,5A_114/2008
17.06.2009,6B_329/2009
28.03.2008,8C_104/2007
24.09.2012,6F_7/2012
22.03.2010,9C_451/2009
27.08.2012,6B_43/2012
21.02.2013,1B_34/2013
20.05.2015,1C_253/2015
15.12.2009,1B_290/2009
31.08.2012,2D_15/2012
01.10.2012,2C_957/2012
07.02.2012,1C_330/2011
08.11.2007,2A.113/2007
20.05.2008,6B_257/2008
07.02.2012,1B_604/2011
18.12.2015,8C_479/2015
09.04.2010,5A_256/2010
11.12.2015,6B_957/2015
25.03.2010,1C_526/2009
27.11.2012,1C_436/2012
30.03.2010,6B_92/2010
06.01.2009,5A_834/2008
24.03.2007,6B_42/2007
29.11.2011,2C_962/2011
15.08.2008,5A_397/2008
28.07.2008,9C_450/2008
10.08.2007,6F_6/2007
27.12.2012,1B_631/2012
26.11.2011,2C_963/2011
24.07.2009,5A_115/2009
09.07.2007,5A_286/2007
26.02.2008,6B_800/2007
17.11.2016,2C_373/2016
27.05.2008,5A_163/2008
02.12.2014,5A_495/2014
04.09.2013,1B_289/2013
12.06.2014,9C_353/2014
07.10.2011,8C_675/2011
21.12.2015,6B_266/2015
21.01.2008,2C_266/2007
20.04.2010,4A_63/2010
02.03.2016,2C_186/2016
25.03.2008,1C_440/2007
26.02.2008,4F_8/2007
12.12.2012,1B_738/2012
19.12.2016,2C_1165/2016
07.07.2007,6B_330/2007
14.12.2016,8C_309/2016
16.12.2010,9C_992/2010
26.10.2012,2D_62/2012
13.12.2016,6B_999/2016
23.12.2011,8C_919/2011
17.02.2011,4A_402/2010
12.12.2016,2C_1068/2016
04.05.2011,9C_61/2011
21.10.2010,1F_20/2010
22.12.2011,9C_836/2011
13.04.2010,4F_3/2010
13.05.2015,8C_302/2015
06.03.2015,8C_164/2015
23.07.2007,2C_140/2007
05.07.2011,5A_452/2011
30.10.2012,1B_585/2012
19.03.2008,2C_236/2008
08.01.2013,1B_584/2012
22.09.2010,1B_211/2010
15.03.2010,6B_48/2010
02.02.2016,5A_87/2016
24.02.2014,9C_891/2013
07.02.2012,2C_137/2012
12.05.2009,9F_5/2009
25.10.2011,1C_294/2011
04.03.2014,2C_206/2014
23.10.2012,2C_462/2012
24.06.2011,2C_529/2011
20.03.2009,8C_12/2009
09.04.2010,5A_170/2010
12.11.2015,5A_57/2015
30.03.2016,1B_120/2016
26.02.2008,1C_91/2008
27.02.2014,6B_692/2013
05.06.2008,2C_380/2008
09.10.2013,4A_424/2013
13.12.2011,2C_1013/2011
14.01.2016,2C_37/2016
27.05.2013,1C_634/2012
16.08.2012,6B_144/2012
24.03.2015,1B_79/2015
26.03.2014,2T_1/2014
23.11.2011,1C_518/2011
16.12.2011,1C_145/2011
20.12.2011,9C_913/2011
03.09.2007,2C_399/2007
26.10.2011,1C_144/2011
11.02.2013,1B_27/2013
19.06.2014,4D_39/2014
20.07.2011,1G_4/2011
19.10.2011,4A_482/2011
09.09.2011,9C_418/2011
29.10.2012,2C_1051/2012
20.04.2012,1C_194/2012
22.08.2014,9C_151/2014
03.04.2008,5A_106/2008
01.04.2010,2C_679/2009
02.11.2016,6B_1217/2016
22.01.2008,6B_741/2007
13.12.2016,9C_713/2016
28.06.2012,6B_818/2011
10.02.2016,2C_740/2015
04.03.2008,9C_867/2007
19.12.2016,1C_587/2016
30.03.2012,6B_819/2011
15.10.2007,6B_526/2007
14.12.2016,8C_804/2016
22.11.2007,1C_256/2007
24.04.2015,5D_67/2015
15.06.2007,1P.115/2007
30.12.2015,1B_453/2015
06.01.2009,1B_327/2008
03.09.2014,5A_283/2014
28.03.2008,4A_87/2008
16.02.2010,6B_138/2010
17.03.2010,8C_867/2009
26.05.2008,4D_40/2008
09.02.2012,8C_129/2012
12.12.2016,5A_772/2016
18.11.2011,1F_32/2011
18.02.2014,5A_800/2013
10.05.2011,6B_372/2009
14.05.2008,9C_246/2008
21.06.2011,2C_939/2010
09.07.2012,2C_660/2012
07.08.2008,6B_397/2008
12.07.2011,9C_451/2011
07.02.2012,5D_132/2011
18.05.2016,9C_64/2016
12.03.2010,2C_224/2009
04.04.2012,1F_7/2012
25.02.2008,5A_91/2008
18.01.2010,2C_468/2009
08.09.2008,9C_591/2008
06.05.2011,6B_257/2011
22.10.2008,8C_798/2008
27.11.2012,2C_1166/2012
21.10.2008,1C_330/2008
05.08.2008,4A_238/2008
05.06.2013,1F_6/2013
27.02.2014,4A_52/2014
17.07.2012,8C_541/2011
09.04.2008,6B_93/2008
02.11.2007,6B_550/2007
23.09.2013,2C_406/2013
13.08.2010,6B_581/2010
22.01.2008,5A_612/2007
15.05.2012,9C_79/2012
02.06.2010,8C_297/2010
16.09.2012,2C_872/2012
23.10.2009,8C_811/2009
28.04.2011,2C_166/2011
24.07.2008,6B_373/2008
03.03.2010,8C_810/2009
29.04.2011,1C_83/2011
08.03.2011,6B_775/2010
12.12.2016,5D_203/2016
13.02.2012,2C_62/2012
05.03.2009,6B_162/2009
06.04.2009,1B_76/2009
12.09.2016,1B_132/2016
05.12.2011,5A_548/2011
27.05.2011,2C_392/2011
02.07.2014,9C_918/2013
16.10.2009,8C_674/2009
22.02.2013,1B_19/2013
14.12.2016,6B_978/2016
13.12.2016,6B_895/2016
19.12.2016,1B_476/2016
04.03.2010,1C_121/2009
17.12.2009,9C_977/2009
06.02.2008,9C_675/2007
22.12.2009,8C_918/2009
20.02.2008,1B_48/2008
27.05.2013,1C_194/2013
16.09.2015,2C_812/2015
20.04.2010,8C_64/2010
17.10.2013,9C_553/2013
12.08.2008,6B_482/2007
06.06.2012,8C_371/2012
29.05.2015,9C_336/2015
08.10.2012,1C_170/2012
23.06.2008,2C_190/2008
14.09.2010,8C_611/2010
08.08.2016,8C_212/2016
06.08.2012,1B_444/2012
20.12.2012,1B_622/2012
22.06.2015,4D_38/2015
03.02.2012,4D_10/2012
29.04.2010,5D_45/2010
22.03.2012,9C_217/2012
08.02.2012,4A_44/2012
29.11.2011,1B_660/2011
15.08.2012,1B_182/2012
27.11.2007,4D_66/2007
17.12.2012,2D_71/2012
22.08.2016,1B_287/2016
05.02.2008,4A_269/2007
04.03.2015,2C_693/2014
07.11.2011,1C_467/2011
29.01.2008,2C_71/2008
17.05.2013,1B_153/2013
24.03.2010,9C_333/2009
29.04.2011,9C_743/2010
05.07.2010,9C_525/2010
02.06.2015,4A_546/2014
05.03.2012,1B_81/2012
25.09.2008,1B_224/2008
14.08.2008,2C_137/2008
06.02.2007,4P.8/2007
17.11.2008,5A_322/2008
12.10.2015,8C_556/2015
23.11.2009,4A_501/2009
20.03.2014,2C_268/2014
19.04.2012,6B_13/2012
09.04.2010,8C_1071/2009
07.05.2007,6B_65/2007
17.08.2011,1B_393/2011
23.11.2011,2C_944/2011
06.01.2011,2T_4/2009
24.06.2010,9C_284/2010
14.06.2008,6B_168/2008
02.07.2014,5D_89/2014
09.03.2011,5A_168/2011
19.04.2011,2C_757/2010
29.08.2012,1G_5/2012
13.10.2009,2C_140/2009
12.08.2008,4A_244/2008
19.02.2008,8C_81/2007
29.10.2013,5A_592/2013
15.07.2010,5A_271/2010
07.01.2009,5A_812/2008
05.03.2014,5A_175/2014
24.10.2011,6B_483/2011
06.05.2015,6B_348/2015
25.04.2012,1B_203/2012
13.12.2016,6B_1243/2016
14.12.2016,4A_139/2016
22.03.2016,1B_107/2016
03.03.2010,5A_157/2010
19.12.2016,5A_958/2016
02.02.2010,5A_740/2009
23.03.2011,2E_1/2009
13.12.2016,8C_606/2016
26.11.2009,1B_313/2009
02.04.2008,8C_448/2007
09.03.2010,6B_215/2010
11.07.2008,5A_459/2008
04.10.2013,1C_286/2013
03.06.2016,8C_366/2016
04.06.2007,1C_83/2007
24.02.2009,1C_396/2008
25.02.2008,4A_527/2007
03.04.2008,9C_824/2007
30.06.2015,6B_166/2015
28.05.2013,1C_215/2013
28.05.2010,8C_339/2010
03.08.2010,9C_727/2009
02.03.2007,5P.378/2006
09.02.2012,2C_1018/2011
22.06.2009,6B_490/2009
20.02.2014,9C_824/2013
16.07.2010,9C_356/2010
31.10.2007,5A_115/2007
13.11.2013,1C_214/2013
24.10.2007,8C_272/2007
23.08.2012,5A_397/2012
26.07.2012,9C_450/2012
05.09.2012,5A_396/2012
29.04.2008,1B_102/2008
11.06.2009,4A_115/2009
05.08.2008,2C_522/2008
20.10.2011,1B_573/2011
30.11.2015,1B_411/2015
24.05.2013,1C_526/2012
18.12.2012,2C_432/2012
15.12.2008,9C_273/2008
20.04.2012,9C_603/2011
05.01.2010,1B_364/2009
20.05.2016,6B_334/2016
17.08.2010,4A_329/2010
07.12.2015,5A_963/2015
23.05.2008,6B_42/2008
14.07.2010,5A_474/2010
08.04.2009,2C_210/2009
10.02.2012,5A_114/2012
05.02.2008,5A_6/2008
24.02.2011,9C_130/2011
04.12.2012,1B_721/2012
17.07.2014,6B_166/2014
30.04.2010,9C_321/2010
18.02.2010,6B_877/2009
08.11.2012,2C_393/2012
24.08.2010,1C_329/2010
25.08.2011,2C_470/2011
25.04.2015,2C_967/2014
19.12.2016,5A_708/2016
20.03.2008,1B_42/2008
12.06.2008,6B_330/2008
03.02.2010,1B_18/2010
13.12.2016,5A_941/2016
30.07.2008,4D_75/2008
14.12.2016,2C_1141/2016
06.03.2012,9C_867/2011
16.10.2009,2D_63/2009
27.11.2007,5A_651/2007
12.12.2016,2C_943/2016
20.07.2015,1C_152/2015
21.11.2012,1B_628/2012
20.03.2015,1F_52/2014
09.07.2010,9C_552/2010
13.06.2014,1C_95/2014
12.02.2007,2A.779/2006
05.09.2012,1B_494/2012
25.07.2012,8C_509/2012
14.03.2008,8C_2/2008
05.09.2012,1B_495/2012
28.03.2008,4A_69/2008
13.12.2014,2C_643/2014
18.03.2016,6B_188/2016
25.02.2008,5A_619/2007
10.05.2012,8C_333/2012
16.09.2010,1B_301/2010
22.02.2016,5A_137/2016
16.10.2007,9C_96/2007
22.09.2009,2C_604/2009
04.11.2011,2C_439/2011
14.06.2012,2C_1027/2011
21.03.2012,1B_152/2012
05.07.2012,5A_500/2012
02.02.2009,2C_487/2008
21.02.2012,1B_64/2012
30.03.2012,9C_620/2011
11.10.2012,1C_504/2012
22.05.2008,5A_159/2008
09.09.2009,2C_500/2009
20.11.2008,1C_258/2008
28.06.2012,8C_923/2011
20.10.2011,4A_439/2010
05.02.2014,1B_50/2014
02.09.2011,1B_286/2011
06.02.2009,9C_704/2008
05.03.2013,1C_241/2013
10.02.2012,9C_729/2011
23.03.2015,4D_10/2015
29.06.2009,2C_408/2009
20.08.2008,1C_350/2008
15.01.2010,2C_409/2009
18.02.2010,1C_95/2010
16.02.2011,2C_106/2011
20.05.2008,4D_56/2008
02.09.2008,8C_16/2008
04.06.2008,1B_60/2008
21.10.2011,1B_527/2011
09.02.2007,6A.1/2007
25.09.2008,8C_663/2008
17.07.2015,2C_202/2015
14.12.2015,8C_499/2015
14.12.2016,5A_955/2016
09.04.2008,5A_733/2007
13.12.2016,6B_607/2016
17.12.2007,1C_432/2007
04.09.2008,8C_545/2008
09.03.2007,1A.280/2006
20.12.2016,9F_8/2016
04.10.2012,1B_385/2012
22.07.2008,9C_382/2008
04.11.2011,1B_601/2011
14.08.2008,5A_444/2008
12.12.2016,5D_205/2016
17.02.2012,9C_595/2011
20.09.2011,1B_466/2011
03.02.2012,2C_775/2011
15.12.2009,9C_1006/2009
24.06.2009,2C_186/2009
25.03.2015,8C_780/2014
05.09.2008,9C_422/2008
03.09.2012,8C_176/2012
27.06.2013,1C_393/2013
22.06.2015,5A_490/2015
17.06.2010,6B_433/2010
25.10.2011,5A_469/2011
13.05.2014,5A_121/2014
04.05.2012,8C_568/2011
26.01.2009,5A_846/2008
30.08.2012,2C_737/2012
26.01.2012,1B_47/2012
14.02.2014,8C_857/2013
25.02.2008,2C_550/2007
07.05.2010,2C_835/2009
14.08.2008,8C_532/2008
15.08.2011,1B_410/2011
04.09.2008,2C_627/2008
25.10.2011,2C_257/2011
14.06.2012,9C_200/2012
12.05.2011,6B_300/2011
07.11.2016,6B_1150/2016
09.12.2008,9C_856/2008
18.08.2010,9C_235/2010
01.04.2010,1B_97/2010
05.05.2008,8C_201/2008
07.12.2007,6B_661/2007
17.03.2015,1C_139/2014
03.04.2009,5A_182/2009
12.03.2012,8C_192/2012
20.04.2011,8C_97/2011
19.06.2009,8C_277/2009
14.06.2012,1C_301/2012
17.03.2012,2C_215/2012
14.06.2011,8C_96/2011
14.02.2008,1D_20/2007
06.11.2015,5A_680/2015
20.04.2012,9C_309/2012
17.09.2013,1C_182/2013
08.05.2012,9C_308/2012
25.03.2010,6B_110/2010
17.03.2009,5A_110/2009
20.06.2011,5A_706/2010
09.07.2008,9C_545/2007
12.03.2010,1C_523/2009
05.06.2008,5A_209/2008
02.12.2008,5D_137/2008
05.06.2008,5A_208/2008
12.12.2016,2C_974/2016
06.04.2010,2C_221/2010
13.12.2016,6B_491/2016
20.08.2013,1C_433/2012
20.12.2016,4A_722/2016
01.02.2012,1B_30/2012
14.12.2016,6B_1262/2016
04.07.2008,8C_248/2008
10.03.2011,8C_1037/2010
22.08.2008,2C_593/2008
14.06.2007,9C_18/2007
28.04.2008,1B_84/2008
04.07.2014,6B_466/2014
13.07.2016,8C_476/2016
14.06.2010,5A_762/2009
29.04.2010,5A_174/2010
21.01.2013,1B_488/2012
17.08.2010,2C_635/2010
07.03.2008,6B_17/2008
13.12.2011,5A_854/2011
05.06.2014,6B_1104/2013
30.04.2007,6A.90/2006
11.06.2013,1C_237/2013
15.04.2008,8C_251/2007
22.05.2008,5A_86/2008
11.08.2008,1C_141/2008
17.10.2012,1B_580/2012
14.03.2008,4D_21/2008
08.06.2012,9C_340/2012
22.04.2010,9C_868/2009
16.07.2012,2C_693/2012
07.05.2009,6B_380/2009
03.08.2015,5A_207/2015
20.10.2011,6B_274/2011
03.03.2014,1B_80/2014
08.07.2011,5A_463/2011
02.05.2008,5A_275/2008
11.11.2015,1B_334/2015
17.10.2014,2D_44/2014
22.04.2010,9C_731/2009
14.06.2016,1B_182/2016
10.03.2014,6B_1039/2013
07.06.2011,9C_473/2010
11.10.2013,1C_757/2013
20.11.2007,1C_399/2007
14.10.2013,6B_878/2013
17.05.2010,1F_10/2010
03.04.2007,2C_36/2007
03.12.2008,5A_720/2008
11.04.2008,1B_22/2008
15.12.2008,1C_421/2008
06.03.2012,1C_6/2012
31.03.2011,1B_138/2011
18.04.2012,1C_189/2012
26.02.2008,5A_739/2007
13.08.2008,5A_21/2008
06.09.2012,6B_505/2012
12.05.2009,5A_202/2009
08.08.2008,8C_181/2008
09.05.2011,5A_673/2010
12.02.2010,4D_153/2009
01.12.2008,5A_769/2008
13.12.2016,6B_1278/2016
24.02.2009,5A_125/2009
03.03.2011,2C_740/2010
13.12.2016,4A_370/2016
26.04.2011,4A_110/2011
16.10.2007,9C_571/2007
25.09.2008,8C_668/2008
11.12.2012,2C_513/2012
10.07.2012,4D_33/2012
24.08.2009,2C_402/2009
14.05.2007,4C.358/2006
05.09.2012,9C_235/2012
08.07.2013,1C_617/2013
16.12.2015,6B_1151/2014
13.12.2012,1B_708/2012
05.08.2010,9C_532/2010
20.07.2010,1B_194/2010
04.11.2008,2C_789/2008
15.10.2007,1C_343/2007
30.04.2008,2C_699/2007
13.08.2008,2C_120/2008
23.07.2012,9C_80/2012
20.07.2012,8C_569/2012
04.04.2016,8C_19/2016
12.10.2010,2C_551/2010
18.07.2012,2C_698/2012
10.08.2016,6B_550/2016
22.12.2008,4A_517/2008
18.03.2010,2C_788/2009
30.10.2013,2D_53/2013
12.03.2012,4A_82/2012
22.03.2010,9C_569/2009
16.03.2010,5A_660/2009
15.04.2008,6B_5/2008
23.10.2007,2C_580/2007
15.06.2007,4A_67/2007
07.11.2011,1B_453/2011
07.04.2014,5A_186/2014
09.08.2007,6B_376/2007
23.06.2014,1C_897/2013
02.12.2011,8C_632/2011
18.02.2010,6B_920/2009
27.05.2013,2C_220/2013
19.10.2011,4A_393/2011
13.12.2016,8C_927/2015
06.11.2012,2C_1073/2012
13.12.2016,9F_10/2016
11.04.2008,2C_270/2008
08.10.2008,1C_365/2008
17.02.2015,8C_65/2015
02.06.2008,8C_302/2008
09.06.2009,4A_40/2009
28.07.2008,4A_191/2008
22.03.2012,8C_227/2011
29.04.2011,9C_249/2011
01.04.2009,4A_41/2009
01.04.2009,1C_188/2007
06.02.2015,6B_80/2015
20.04.2007,5A_9/2007
10.06.2014,8C_746/2013
29.02.2012,9C_164/2012
27.02.2009,8C_833/2008
07.03.2011,1B_78/2011
12.07.2012,9C_538/2012
18.06.2012,6B_241/2012
20.10.2011,1B_581/2011
12.11.2012,1C_530/2012
19.04.2007,6G_1/2007
01.03.2007,4C.192/2006
03.07.2014,8C_12/2014
08.11.2011,2C_865/2011
23.04.2012,5A_816/2011
13.03.2014,4A_546/2013
11.10.2015,2C_907/2015
22.10.2007,5A_380/2007
10.05.2012,4A_58/2012
14.06.2011,4A_240/2011
26.03.2009,9C_35/2009
19.11.2008,5A_498/2008
05.08.2008,9F_6/2008
02.08.2007,2D_29/2007
08.04.2015,1B_116/2015
02.10.2014,6B_779/2014
28.07.2011,8C_526/2011
07.08.2015,6B_352/2015
09.09.2008,9F_7/2008
03.09.2014,8C_209/2014
03.06.2008,5D_30/2008
02.09.2008,6B_641/2008
13.09.2007,5F_8/2007
26.02.2008,5A_588/2007
20.06.2008,6B_173/2008
20.06.2008,1B_150/2008
29.04.2008,4D_50/2008
20.06.2011,8C_214/2011
02.05.2016,6B_382/2016
03.04.2009,5A_674/2007
28.07.2008,1B_227/2007
03.07.2012,1B_251/2012
05.05.2008,8C_238/2008
20.05.2010,5A_362/2010
02.03.2009,4D_26/2009
10.02.2009,6B_9/2009
08.09.2009,1C_320/2009
23.10.2007,9C_613/2007
15.07.2010,6B_246/2010
16.02.2012,2C_143/2012
15.05.2009,8C_347/2009
20.10.2008,9C_643/2008
28.07.2008,2C_390/2008
16.02.2009,1C_65/2009
23.04.2009,9C_642/2008
12.12.2011,2C_587/2011
26.02.2014,6B_1253/2013
27.05.2008,9C_534/2007
11.09.2007,5A_34/2007
07.06.2010,6B_161/2010
22.05.2012,9C_379/2012
14.12.2016,6B_498/2016
24.09.2007,2C_281/2007
03.09.2008,8C_59/2008
18.08.2009,2C_375/2009
16.12.2016,2C_1067/2016
08.12.2016,6B_199/2016
05.12.2008,4D_129/2008
26.08.2010,6B_652/2010
16.01.2009,5D_78/2008
16.06.2011,6B_278/2011
08.12.2016,2C_307/2016
09.12.2016,2D_51/2016
20.11.2012,1F_29/2012
29.11.2007,4A_306/2007
26.03.2012,9C_500/2011
04.06.2012,1B_311/2012
12.12.2012,2E_3/2012
03.05.2011,8C_133/2011
05.02.2008,5A_734/2007
25.03.2011,9C_577/2010
21.12.2007,2C_747/2007
30.01.2009,2C_299/2008
08.04.2009,9C_106/2009
13.05.2015,5A_151/2015
18.07.2011,4D_34/2011
28.12.2015,8C_762/2015
10.04.2012,2C_984/2011
27.02.2008,2C_165/2008
14.04.2008,5A_116/2008
22.12.2011,9C_898/2011
10.01.2014,1B_455/2013
12.06.2012,2C_797/2011
12.08.2016,8C_203/2016
05.09.2011,5A_583/2011
09.10.2014,6B_212/2014
02.11.2007,4G_2/2007
01.06.2010,1B_135/2010
07.03.2007,4C.65/2007
28.04.2016,5A_302/2016
29.05.2009,9C_384/2009
16.12.2015,2C_1117/2015
23.04.2012,5A_889/2011
30.08.2012,2C_388/2012
14.05.2007,5A_179/2007
17.05.2007,6B_155/2007
23.07.2015,2C_332/2015
12.08.2016,1B_296/2016
03.05.2012,4A_161/2012
18.05.2007,6B_154/2007
22.10.2012,2D_61/2012
09.12.2016,6B_771/2016
09.09.2008,2C_621/2008
04.11.2009,1C_178/2009
07.05.2012,9C_206/2012
08.12.2016,2C_662/2016
08.12.2016,5A_748/2016
09.05.2011,2C_250/2011
15.02.2007,1B_2/2007
16.12.2016,8C_470/2016
02.11.2016,4A_557/2016
19.12.2012,2C_1250/2012
30.08.2012,2C_280/2012
16.04.2008,8C_316/2007
14.12.2016,6B_205/2016
14.10.2016,1F_34/2016
17.08.2012,2C_429/2012
27.04.2010,6B_184/2010
10.11.2007,6B_666/2007
30.08.2016,9C_516/2016
05.09.2012,1F_17/2012
28.04.2008,9C_800/2007
25.03.2008,2P.64/2007
13.02.2008,2C_325/2007
16.05.2007,2C_143/2007
17.09.2015,1C_455/2015
02.12.2013,4A_338/2013
09.12.2015,1C_633/2015
02.05.2013,1F_16/2012
03.03.2015,8C_21/2015
13.11.2007,4A_339/2007
29.11.2012,2C_1177/2012
22.07.2011,1B_265/2011
26.12.2008,6B_636/2008
15.07.2008,6B_450/2008
13.05.2014,5A_22/2014
30.07.2010,6B_591/2010
20.03.2012,4D_98/2011
14.02.2012,5D_28/2012
25.06.2009,6B_386/2009
20.02.2015,4A_645/2014
25.01.2010,1B_8/2010
31.10.2007,5A_603/2007
30.03.2008,6B_197/2008
07.04.2014,4A_219/2014
31.03.2008,2D_142/2007
16.05.2008,6B_196/2008
07.04.2008,1B_82/2008
09.03.2011,6B_129/2011
18.09.2009,5A_231/2009
15.01.2010,2D_1/2010
27.03.2014,6B_942/2013
28.12.2009,5A_809/2009
28.02.2008,5A_13/2008
14.04.2014,8C_57/2014
07.07.2014,5A_545/2014
29.10.2012,2C_135/2012
09.02.2009,9C_95/2008
30.01.2012,2C_46/2012
30.12.2010,5A_919/2010
28.09.2010,1D_7/2010
19.04.2012,1B_213/2012
29.07.2009,4A_196/2009
12.10.2009,9C_458/2009
02.12.2014,2C_1087/2014
09.06.2016,8C_376/2016
20.03.2012,4A_499/2011
31.01.2014,1B_15/2014
12.05.2015,9C_252/2015
04.12.2007,1C_297/2007
23.12.2009,4D_154/2009
22.10.2007,2A.756/2006
07.09.2011,2C_670/2011
16.10.2009,8C_397/2009
12.07.2012,9C_440/2012
06.05.2008,1C_172/2008
12.01.2012,1B_8/2012
18.12.2007,9C_834/2007
17.12.2015,5A_996/2015
24.07.2009,5D_97/2009
21.12.2015,5A_761/2015
12.02.2008,2C_645/2007
03.06.2013,1C_537/2013
20.06.2008,1B_264/2007
14.05.2008,9C_397/2007
24.03.2015,2C_246/2015
31.03.2016,2C_689/2015
10.06.2011,2C_325/2011
10.09.2010,1F_16/2010
08.07.2016,5D_101/2016
21.03.2012,1B_90/2012
15.12.2016,6B_532/2016
14.12.2016,6B_551/2016
31.03.2008,2C_563/2007
08.12.2016,2C_1015/2015
26.10.2009,9C_880/2009
09.07.2007,5A_223/2007
23.02.2007,5P.19/2007
09.11.2007,6B_652/2007
08.12.2016,6B_12/2016
17.02.2011,1B_40/2011
22.07.2008,6B_524/2008
26.11.2009,5A_718/2009
30.10.2014,5A_833/2014
03.09.2014,1B_297/2014
22.04.2010,9C_812/2009
08.02.2012,6B_90/2012
18.09.2008,5A_509/2008
03.05.2010,6B_345/2010
07.01.2008,4A_477/2007
02.12.2008,6B_926/2008
14.12.2016,8C_945/2015
16.10.2012,1B_607/2012
06.02.2007,1P.28/2007
13.06.2016,9C_258/2016
30.10.2012,1B_606/2012
18.03.2013,1C_333/2012
10.04.2014,8C_812/2013
28.04.2008,6B_284/2008
07.08.2008,8C_483/2007
04.03.2011,5A_858/2010
28.12.2011,2C_1040/2011
11.02.2009,5A_19/2009
30.09.2014,6B_514/2014
18.08.2008,4A_254/2008
10.09.2013,1C_48/2013
11.03.2011,4D_131/2010
05.01.2009,2C_662/2008
12.10.2010,6B_803/2010
26.06.2014,6B_358/2014
18.06.2015,6B_514/2015
28.11.2012,2C_358/2012
26.06.2013,1B_135/2013
16.05.2008,2C_17/2008
23.09.2014,5D_142/2014
22.02.2008,1F_5/2008
03.04.2014,9C_593/2013
19.02.2013,1C_155/2013
30.03.2012,6B_74/2012
18.06.2007,5A_255/2007
24.08.2011,1B_367/2011
05.08.2009,5A_508/2009
06.05.2008,2C_337/2008
18.03.2009,5A_719/2008
30.10.2012,1B_416/2012
02.04.2008,4A_400/2007
08.12.2016,6B_1304/2016
28.10.2013,1C_509/2013
11.05.2010,4A_184/2010
08.12.2016,1B_228/2016
24.03.2010,1B_2/2010
28.10.2014,4F_13/2014
09.05.2008,6B_89/2008
22.12.2009,2C_60/2009
27.07.2011,9C_535/2011
14.12.2016,9C_569/2016
08.04.2009,1C_582/2008
15.12.2016,8C_651/2016
25.10.2007,2D_55/2007
13.06.2007,4A_61/2007
23.08.2010,5A_217/2010
20.06.2010,2C_265/2010
16.04.2010,5A_130/2010
11.02.2009,4D_9/2009
21.11.2007,5D_123/2007
26.06.2009,8C_1029/2008
15.02.2010,6B_799/2009
05.07.2016,8C_432/2016
02.06.2008,5A_749/2007
12.10.2012,1B_557/2012
12.12.2008,9C_550/2008
04.03.2011,5G_1/2011
07.10.2014,4D_55/2014
22.08.2008,1C_197/2008
22.12.2009,2C_838/2009
22.06.2009,2C_201/2009
23.04.2015,9C_224/2015
28.05.2008,5A_204/2008
06.09.2012,2C_383/2012
05.11.2013,1B_389/2013
02.08.2011,2C_606/2011
24.07.2014,5A_594/2014
26.10.2010,2C_815/2010
28.07.2008,9C_843/2007
25.07.2014,2C_128/2014
14.03.2014,4A_134/2014
02.10.2009,4D_81/2009
27.03.2014,4A_448/2013
30.05.2013,1C_541/2013
01.04.2009,4A_46/2009
04.05.2016,4A_35/2016
08.09.2008,8C_651/2008
01.02.2010,2C_309/2009
14.04.2008,8C_741/2007
26.11.2015,5F_9/2015
07.04.2008,8C_444/2007
30.03.2010,6B_219/2010
28.01.2013,1B_20/2013
04.12.2014,2C_779/2014
20.02.2008,2C_751/2007
08.04.2015,4A_128/2015
23.10.2009,8C_319/2009
28.12.2010,2C_977/2010
26.02.2008,9C_36/2007
29.09.2009,9C_622/2009
12.03.2008,6B_607/2007
19.10.2011,9C_679/2011
07.12.2015,2C_607/2015
18.07.2012,5D_92/2012
11.02.2010,2C_559/2009
04.01.2010,4A_544/2009
07.06.2012,5D_93/2012
04.01.2010,4A_545/2009
19.03.2010,1B_62/2010
29.04.2011,2C_338/2011
19.03.2010,9C_847/2009
06.08.2007,2C_297/2007
09.04.2015,6B_296/2015
29.04.2014,6B_273/2014
24.07.2013,2C_658/2013
17.07.2012,5A_201/2012
07.04.2008,9C_166/2008
27.08.2012,6B_325/2012
02.06.2008,4A_127/2008
15.12.2016,6B_1380/2016
06.08.2008,8C_487/2008
08.12.2011,1F_35/2011
14.12.2016,4A_651/2016
22.12.2008,8C_486/2008
24.06.2011,9C_457/2011
15.06.2007,1P.430/2006
14.02.2012,2C_155/2012
15.02.2010,6B_1097/2009
15.06.2011,1B_297/2011
08.12.2016,2C_904/2015
08.12.2016,2C_538/2016
03.02.2012,5A_657/2011
27.02.2008,1C_55/2007
10.02.2011,4A_212/2010
02.10.2015,5A_552/2015
20.10.2015,1B_367/2015
11.12.2007,5A_662/2007
05.02.2015,9C_21/2015
08.07.2013,2C_610/2013
30.09.2010,8C_628/2010
28.02.2008,6B_213/2007
17.12.2008,8C_884/2008
27.09.2011,5A_303/2011
12.08.2008,5A_514/2008
16.10.2012,1G_8/2012
16.11.2011,1B_537/2011
24.04.2015,1C_185/2015
27.07.2012,8C_504/2012
07.11.2012,1B_499/2012
28.09.2009,6B_302/2009
24.07.2014,8C_107/2014
11.03.2011,4D_7/2011
27.11.2009,5A_773/2009
27.01.2012,2C_64/2012
25.08.2008,5A_359/2008
02.04.2014,5A_261/2014
04.08.2008,9C_236/2008
30.05.2007,6B_6/2007
07.04.2008,8C_786/2007
28.10.2015,4A_442/2015
29.05.2015,5A_179/2015
02.07.2008,9C_505/2008
18.08.2010,8C_531/2010
03.08.2016,1C_155/2016
08.12.2016,6B_1063/2016
26.11.2012,2C_1160/2012
11.07.2008,5A_96/2008
08.12.2016,5A_942/2016
20.10.2011,8C_720/2011
21.12.2007,6B_731/2007
05.09.2013,1C_226/2013
03.09.2014,4A_306/2014
02.07.2007,4A_148/2007
29.05.2015,5D_17/2015
04.05.2015,6B_1252/2014
28.04.2008,8C_715/2007
05.09.2013,2C_13/2013
13.11.2007,1A.65/2007
02.08.2012,5A_496/2012
12.09.2014,1C_395/2014
28.08.2008,5A_562/2008
14.12.2016,6B_203/2016
26.05.2008,4D_30/2008
15.12.2016,4A_675/2016
12.12.2011,1B_540/2011
03.09.2014,1C_394/2014
05.09.2008,5A_423/2008
22.10.2013,8C_654/2013
02.10.2008,5A_422/2008
16.07.2007,4A_193/2007
20.12.2010,5A_478/2010
04.11.2016,5A_824/2016
21.02.2012,2C_688/2011
21.01.2010,2C_18/2010
02.10.2007,5A_533/2007
13.05.2013,1C_454/2013
21.01.2010,2C_19/2010
28.05.2013,1B_56/2013
21.01.2010,1C_29/2010
03.12.2012,2C_658/2012
18.02.2009,8C_1034/2008
19.03.2014,5A_228/2014
25.02.2008,6B_671/2007
06.11.2012,1C_72/2008
23.04.2012,8C_896/2011
26.02.2008,1C_101/2007
20.12.2008,6B_997/2008
19.08.2016,1F_22/2016
12.06.2014,5A_480/2014
13.02.2008,9C_732/2007
15.04.2008,6B_815/2007
04.12.2014,5D_185/2014
02.06.2008,8C_282/2008
23.02.2009,1F_26/2008
26.10.2012,1B_625/2012
22.11.2010,2C_808/2010
12.12.2011,5A_669/2011
02.10.2009,1B_260/2009
08.09.2010,1C_324/2010
13.12.2011,6B_779/2011
23.06.2008,6B_309/2008
16.02.2010,6B_135/2010
06.09.2016,2D_29/2016
14.08.2009,9C_494/2009
02.04.2012,6B_86/2012
09.04.2015,9C_8/2015
14.01.2008,4A_3/2008
29.03.2007,2A.29/2007
28.06.2016,2C_460/2016
30.09.2015,6B_781/2015
22.03.2012,6B_101/2012
09.08.2012,5A_570/2012
16.08.2012,2C_765/2012
30.08.2012,6B_814/2011
06.12.2012,1C_416/2012
26.10.2011,9C_732/2011
08.02.2010,9C_89/2009
06.06.2014,2C_366/2014
04.07.2013,1C_607/2013
04.11.2016,2C_862/2016
10.02.2015,5A_105/2015
20.01.2009,5D_180/2008
23.12.2009,5A_862/2009
29.11.2012,1B_719/2012
15.02.2010,2C_811/2009
26.02.2008,5A_78/2008
22.09.2014,8C_661/2013
05.05.2008,8C_406/2007
04.12.2009,5D_165/2009
10.09.2012,6B_192/2012
03.03.2011,6B_1023/2010
12.03.2012,5D_4/2012
29.06.2012,9C_517/2012
17.02.2012,9C_91/2012
20.07.2010,6B_568/2010
20.11.2009,4A_506/2009
05.02.2008,5A_234/2007
08.08.2008,1C_47/2008
02.06.2015,5A_451/2015
01.04.2008,1C_135/2007
27.06.2016,6B_1258/2015
20.05.2010,6B_280/2010
14.12.2016,4A_268/2016
09.03.2016,5A_35/2016
14.02.2008,5A_113/2007
20.05.2010,8C_158/2010
05.05.2015,1B_143/2015
30.10.2009,9C_547/2009
06.07.2011,2C_12/2011
19.07.2012,5A_539/2012
15.12.2016,6B_470/2016
20.04.2010,9C_721/2009
27.05.2010,4A_250/2010
23.11.2012,2C_1154/2012
17.04.2008,1C_164/2008
13.07.2011,5A_472/2011
07.03.2014,1B_90/2014
16.12.2016,6B_1016/2016
09.03.2007,5C.6/2007
03.10.2007,9C_529/2007
13.11.2007,1C_389/2007
21.05.2008,1B_105/2008
16.04.2009,1C_430/2008
23.07.2008,2C_525/2008
24.10.2012,2C_841/2012
26.11.2012,1B_296/2012
08.12.2016,1C_354/2016
08.12.2016,5D_202/2016
08.12.2016,2C_505/2015
30.10.2007,5P.47/2007
14.09.2012,5A_656/2012
26.11.2012,1C_198/2012
05.05.2010,2C_123/2010
12.10.2016,5A_735/2016
20.11.2008,4A_302/2008
05.03.2008,2C_179/2008
28.12.2015,9C_710/2015
10.02.2014,2C_836/2013
20.06.2011,8C_69/2011
17.06.2009,8C_289/2009
14.08.2008,4A_303/2008
19.07.2012,8C_202/2012
05.07.2010,8C_505/2010
18.03.2013,1C_265/2013
16.08.2010,2C_492/2010
20.10.2011,8C_504/2011
27.02.2014,4A_17/2014
14.11.2013,1C_61/2013
05.02.2014,4A_16/2014
24.08.2007,5A_298/2007
23.06.2008,6B_336/2008
25.05.2010,1B_129/2010
16.03.2015,6B_1210/2014
22.08.2007,5A_431/2007
08.12.2016,6B_230/2016
08.12.2016,4A_687/2016
08.12.2016,4A_612/2016
07.12.2009,4A_539/2009
15.06.2007,1P.93/2007
17.10.2008,4A_374/2008
24.03.2011,1B_68/2011
11.04.2008,4A_112/2008
12.03.2012,2C_27/2012
25.08.2016,1B_310/2016
18.06.2009,6B_473/2009
02.06.2008,6B_45/2008
16.12.2016,2C_1152/2016
19.10.2011,8C_596/2011
10.08.2009,6B_614/2009
27.04.2010,6B_264/2010
07.05.2012,4A_49/2012
29.10.2007,5A_538/2007
03.02.2014,6B_1156/2013
15.12.2016,6B_1009/2016
14.12.2016,1C_455/2016
06.07.2016,8C_865/2015
19.09.2012,1B_541/2012
19.03.2008,5A_46/2008
22.07.2008,9C_406/2008
30.04.2010,4A_192/2010
23.08.2012,9C_75/2012
27.06.2008,8C_469/2008
16.12.2013,9C_516/2013
12.03.2008,6B_118/2008
24.11.2008,5D_165/2008
23.06.2010,6B_484/2010
02.09.2010,5D_92/2010
26.10.2012,2D_34/2012
10.10.2007,5A_571/2007
30.09.2013,2C_502/2013
11.04.2013,1B_122/2013
28.11.2011,1B_443/2011
03.12.2010,4A_455/2010
02.09.2011,5D_149/2011
20.10.2011,1C_422/2011
09.05.2011,1B_117/2011
06.05.2010,5A_308/2010
28.05.2008,2C_321/2008
06.03.2014,2C_218/2014
25.10.2007,1C_325/2007
12.02.2013,1C_569/2012
02.10.2014,5D_154/2014
16.10.2007,5A_242/2007
